0,0.03647502011623,0
9.02599513490135e-09,0.0152026821746312,0
-4.30806832231427e-08,-0.0524886786718674,0
-3.27920461158756e-07,-0.02080714286043,0
6.24876794906383e-07,-0.00362783466418596,0
2.25124286146056e-06,0.00202451024962299,0
1.84748906167439e-06,0.00126936100060173,0
2.56847025770018e-06,0.0273881409911315,0
1.52978553569475e-06,-0.0431490566873409,0
-9.73002922502665e-06,0.0120945996456156,0
-3.16340366644655e-05,0.00800571656113338,0
-5.96153633770233e-05,5.16856492201703e-05,0
-9.06239483554758e-05,0.00165088355227758,0
-0.000123623295416613,-0.0133977215490443,0
-0.000162115042018851,-0.00840661401569637,0
-0.000209422051626847,0.00685435738991959,0
-0.000258324701535853,0.0405189138929979,0
-0.00029794466355786,-0.01389890800519,0
-0.0003234569372703,-0.0125069279949325,0
-0.000334565713059557,0.0167231217178216,0
-0.00032942106530895,0.0337243803379222,0
-0.00030702428405176,0.00740670807343184,0
-0.000268992074386838,-0.0164606837526787,0
-0.0002258344582312,0.0186351318524404,0
-0.000186935246073147,-0.00664699442932449,0
-0.000154961812597845,-0.0365939148378447,0
-0.000129681280124642,-0.0263697703354798,0
-0.000111965367735929,0.0162537769790824,0
-0.000105662816560308,-0.0148954042628443,0
-0.000112300311962041,0.0426945198772815,0
-0.000133189506514329,-0.0205381414669769,0
-0.000164617052213681,-0.0010680908984024,0
-0.000201483686290287,-0.00436338568539494,0
-0.000240266804268298,0.0384185330613609,0
-0.000272968331700218,-0.0383670509464883,0
-0.000293985207638214,0.0178972177104157,0
-0.000301261400688153,0.0312946292291011,0
-0.000295309806901309,-0.022031442960651,0
-0.000276977402083823,-0.0304141370075722,0
-0.000241757077218136,0.00987414509185953,0
-0.000187221074671389,0.0222521210767132,0
-0.000114573442793687,-0.00782817492641045,0
-3.17252739301799e-05,-0.0135241059661545,0
5.24676814778953e-05,-0.0155246400472873,0
0.000132766081150074,-0.00358290669908152,0
0.000208361525393138,0.0227713849390189,0
0.000278025861385017,-0.00863665803033758,0
0.000338741947156337,-0.00839102111090788,0
0.000392304131823887,-0.0304960434975841,0
0.000439498732140043,0.00733290448426922,0
0.000476974163643587,-0.0135003426507385,0
0.000504099341676486,-0.000805047764826874,0
0.000527220968545756,-0.0133042483210838,0
0.000544938828336329,0.0380050784958644,0
0.000556333501958845,0.019311286270264,0
0.000561463924643104,-0.038402266833034,0
0.000559356698198386,-0.00454679816224103,0
0.00055443276440134,-0.0230574124962804,0
0.000548339240426022,0.00465230799287019,0
0.000547053470142742,-0.0272373090983187,0
0.000553246156606657,-0.00713791914827191,0
0.000563012700829589,-0.00495189087597482,0
0.000567820825834888,0.0260648855467379,0
0.000563807898733073,-0.0297169277103153,0
0.000549051429876232,0.033274258759335,0
0.00051786927104627,-0.0226885283802786,0
0.000471269461650435,-0.013237897489927,0
0.000411498035870632,0.00594027739700611,0
0.000343161086923004,-0.016549390660493,0
0.000272652253940112,-0.0137747431341909,0
0.000198444648614974,-0.00117540574042996,0
0.000116413700984931,0.0512460335420936,0
2.74951837403755e-05,0.0440400297713758,0
-6.60898990936621e-05,0.0342318134434683,0
-0.000163791027177179,-0.0310670506469221,0
-0.000262027009318377,-0.00629826857230536,0
-0.00035932391968209,-0.00172938588374311,0
-0.000454008860612889,-0.0143452868004578,0
-0.000545750424338962,0.0291440749642538,0
-0.000638252332128428,0.0126562998851255,0
-0.000730334348044057,0.0088416579327335,0
-0.000819050825827661,-0.00549905231954523,0
-0.000908337307804454,-0.0115121829353459,0
-0.00100462440328741,0.00196970211453002,0
-0.00111291290713533,0.020701868132919,0
-0.00123254272947829,-0.0127475703263745,0
-0.00135784934043783,0.00821983941576393,0
-0.00148516994998506,-0.00411507280159235,0
-0.00160985459318449,0.0282803680444961,0
-0.00172721302569149,0.0246674470207327,0
-0.0018321701421785,0.0305924772380934,0
-0.00192274294436422,-0.0158815210911007,0
-0.00199848786697557,0.0145040153134295,0
-0.00205689013738798,-0.015338726406386,0
-0.00209573528549173,-0.0202641038202836,0
-0.00211537620862172,0.0115706389766259,0
-0.00211102305976721,-0.000468254250475504,0
-0.0020836814792104,-0.0256462622549528,0
-0.00203906011555364,-0.0209178834988062,0
-0.00197889182363746,0.00488349281928518,0
-0.00190527830437742,0.0460211909278341,0
-0.00181857362476341,-0.0132806279020365,0
-0.00171586361178925,0.00404252050415476,0
-0.00160049350872901,-0.020241485007056,0
-0.00148225517441617,-0.0232962606932981,0
-0.00136874982363823,0.0196364279072733,0
-0.00126452173108777,-0.011371482119413,0
-0.00117358797102114,0.0223111391378832,0
-0.00109489759275446,0.00323602954543675,0
-0.00102370631568321,0.0024495518304044,0
-0.000965396924978998,0.0218078002434108,0
-0.00092620383156922,0.00909001047501522,0
-0.000905358956844547,-0.0301006452158155,0
-0.000898175368837234,0.00617238724191601,0
-0.000900476480079758,0.00128351064934325,0
-0.000911234620831603,-0.0227717786447005,0
-0.000928120033330544,-0.0485778505241909,0
-0.000946730571665471,0.0387895795749914,0
-0.000961057145326881,-0.00295734521880996,0
-0.000967979293059809,-0.0354176567101994,0
-0.000967765530306154,0.0144957983482303,0
-0.000959205876002789,0.0221307935690216,0
-0.000942832715560846,0.0164063678765397,0
-0.000919822294936888,-0.000918829711120241,0
-0.000894493903279306,-0.0125356564413264,0
-0.000867520596401612,-0.0213197179334049,0
-0.000839259163369232,-0.032472156679141,0
-0.000808139211807792,-0.00734325290075433,0
-0.000774518841674892,-0.0110101024096639,0
-0.000739228799421076,-0.0198092304709266,0
-0.000701599518366601,0.0257710930884941,0
-0.000662880063322057,-0.0477959938162576,0
-0.00062547129254767,-0.0132005645662102,0
-0.000597061506131283,0.0480029032171642,0
-0.000581504014453801,0.011254054695423,0
-0.000576750178754773,0.0204157542350752,0
-0.000581370938743315,0.00250554189992052,0
-0.000594175396227766,0.00739193694621413,0
-0.000611746071399182,0.0111482006815772,0
-0.000629878108146963,0.028538058279517,0
-0.000646135765641359,-0.00389395016348104,0
-0.000660482501926903,-0.0099564626971298,0
-0.000673930459344201,0.0281736709791455,0
-0.000684447286130798,-0.0046822557144417,0
-0.000697540088280346,0.0143473409722595,0
-0.000719610936793581,0.0112970903289106,0
-0.000749740926368162,-0.0331789166824583,0
-0.000786527333689708,0.0369911370675414,0
-0.000826944381006324,-0.0232331505201847,0
-0.000867057641683204,-0.012175498905372,0
-0.000905934773559577,0.0140588948492317,0
-0.000941666623422694,0.0232661010336416,0
-0.000973515758384322,0.0116953408540645,0
-0.00100073649342079,0.0318755055881404,0
-0.0010244516474057,-0.0176352679646561,0
-0.00104910207136556,-0.00463223576240748,0
-0.00107734857200178,0.0124048710734268,0
-0.00111010408666323,-0.0271091800456819,0
-0.00114735287043826,-0.0161097410757279,0
-0.0011893158756513,0.00627499194137619,0
-0.00123417266290395,0.0197547132467929,0
-0.00127817443415127,-0.0232910897640523,0
-0.00131328244862897,-0.0320686459170275,0
-0.00133540566817863,-0.0714410355215928,0
-0.00134907545454469,0.0256238544442838,0
-0.0013548910255086,0.0279839453910387,0
-0.00135485837540348,-0.0203527843284189,0
-0.00135383622887388,0.0306511693926286,0
-0.00135348985856357,0.00481813519159464,0
-0.00134782498999584,0.0606748076615663,0
-0.00133525684168551,0.0338549068147201,0
-0.00131504452063537,-0.00308189522860558,0
-0.0012817447633821,0.00946611259014554,0
-0.00123651442269763,0.0115100927919914,0
-0.00117924968108189,-0.0504914239781683,0
-0.00111167953763235,0.0192426701001261,0
-0.00103664829639932,0.0145804524371308,0
-0.00095688735778992,-0.0239866395961645,0
-0.000874442126067874,0.0327257854567858,0
-0.000790791862317921,-0.00389629344405865,0
-0.000708660166906987,-0.0149299430386289,0
-0.000627601211135381,-0.000860072633207774,0
-0.000546337025778703,0.00573677225750708,0
-0.000466187871533918,0.0378045790140782,0
-0.000385385849075642,-0.00755404465413594,0
-0.000302215963814415,-0.0231617975727144,0
-0.00021929607371391,0.0302342137632436,0
-0.000138495375177544,-0.0195274337942038,0
-6.33595033127712e-05,0.00380584014590332,0
-2.60120794972223e-06,0.0265241835172084,0
3.66665357659816e-05,-0.029975449666876,0
5.09198947295335e-05,-0.0121373935135434,0
4.25179560414386e-05,0.0270791729928299,0
1.40243871065173e-05,0.00382615324389491,0
-2.91425852981195e-05,-0.00593386696080603,0
-7.94179904512015e-05,0.00154594248679344,0
-0.00013157153990276,0.030001332128326,0
-0.000180042360602833,-0.00264389197521053,0
-0.000222174263877594,0.0162515296875561,0
-0.000254925244523115,-0.03197476718498,0
-0.000271994176084966,-0.0137385405024609,0
-0.000270972816827318,-0.0363519545483528,0
-0.000251853499981819,0.0122518493848046,0
-0.000219044031121443,0.00822567441999011,0
-0.000175017196812503,0.0137010768527769,0
-0.000122066564316348,-0.0330128473194845,0
-6.5625626536992e-05,-0.0055962991828143,0
-1.18573763311956e-05,0.0117737697862495,0
3.73743580477166e-05,-0.0176658047859458,0
8.51142552487381e-05,0.00418568442200596,0
0.000136533668776789,0.0117003985162925,0
0.000194199028751085,-0.0336226366329558,0
0.000256290734898138,0.0290276898366705,0
0.000316668904291924,0.0300386595734348,0
0.000365375732060399,0.0256426149657514,0
0.000394913047462875,-0.00795847165720993,0
0.000406448517519193,0.00108396153389067,0
0.000402462750916352,-0.0127209461882951,0
0.000380912455494132,0.00161764854711271,0
0.000344103768382335,0.0172123170285143,0
0.000294382152038427,-0.0240060579317506,0
0.000234405181284093,0.0467269940949255,0
0.000169456447194853,0.0212946822710539,0
9.90112878212184e-05,-0.00943103126774347,0
2.17940109600462e-05,-0.00681408011929826,0
-6.23685078910025e-05,-0.00663527536130955,0
-0.000151778174368867,0.00546924245877173,0
-0.000244577636234858,-0.0105289617350439,0
-0.00033789605557546,0.00984103240412359,0
-0.000428928768522467,0.000283673202465411,0
-0.000519685851971988,-0.00250586606834633,0
-0.000611198040260503,-0.0114736473082524,0
-0.000703151780379881,-0.000141985620462205,0
-0.000795299099805578,-0.00254805940017685,0
-0.000888373325685561,-0.0199735105995629,0
-0.000980524106313479,-0.0269907981453466,0
-0.00106894859594968,-0.0181085168685601,0
-0.00114739541578471,-0.0176031970825617,0
-0.0012052026256927,-0.028954615265599,0
-0.00123761414118127,-0.0042050988764665,0
-0.00124920914898851,-0.0198670098288085,0
-0.00124237394616972,0.000944503400599643,0
-0.00121818771885853,-0.0236486099436606,0
-0.00117639587081681,0.0228734387572708,0
-0.00111849667937273,-0.0239806290424688,0
-0.00104986252312175,-0.0302869038136774,0
-0.000975295026246418,-0.023687330868542,0
-0.000900661480450767,0.00691407662028358,0
-0.000831233559814957,0.0393740949002674,0
-0.000767809966855431,0.0132162911216206,0
-0.000711653500461153,0.0194909074002829,0
-0.000664252768147973,-0.00425939895363793,0
-0.00062354707631998,0.0037685076529534,0
-0.000586628455567444,-0.0129467577995352,0
-0.000554724954819281,0.000308728217125667,0
-0.000525887241641007,-0.0022840245806995,0
-0.00049665488433145,-0.01707148352886,0
-0.000463489266877195,-0.00914763401735338,0
-0.000423157013043465,0.0325760190932951,0
-0.000376227541832894,0.00539166323499368,0
-0.000324743988102657,0.000207373858614719,0
-0.000270269278971861,0.00922236194311087,0
-0.000216231512386982,0.0410583292551291,0
-0.000162325004363357,0.0325800627879895,0
-0.000105979117358088,0.0271840566753845,0
-5.15322691330165e-05,-0.0169205020176838,0
-6.0928096378562e-06,0.0233617827628568,0
2.57296164097963e-05,-0.00400283853294239,0
4.35317662071891e-05,-0.0439715060220159,0
5.00640701165957e-05,0.0036812993924435,0
4.61293723475203e-05,-0.0232227478642876,0
3.42932899397898e-05,0.0148527465635192,0
1.55389489651053e-05,-0.00531967883724115,0
-1.02422549985375e-05,-0.0171046894574213,0
-4.57491305830558e-05,-0.016521937761408,0
-9.03131031776729e-05,-0.0267928011915785,0
-0.000139599331095546,0.00308824026203903,0
-0.000194298962035882,0.0401892279028727,0
-0.000258064515533106,0.0018467524534906,0
-0.000332177266796703,0.00280585428155847,0
-0.000410495029174408,0.0202378328295217,0
-0.000486506881066354,0.00497570654429277,0
-0.000558655048967927,-0.0236764077466551,0
-0.00062517324931586,-0.0329470843843689,0
-0.000686730574632955,-0.0156434502969376,0
-0.000743071752021033,-0.0413768117154215,0
-0.000787555722612269,-0.00717251259607042,0
-0.000811543650662734,-0.00669005734663201,0
-0.000812287590732709,0.0267899952402316,0
-0.000790721187184646,0.013386117504413,0
-0.000747312572204901,-0.00751809962403759,0
-0.000687519120834675,-0.0112223973578578,0
-0.000616674137892349,-0.0224154908774861,0
-0.000539134380173878,-0.0053107733363516,0
-0.000461503474052451,-0.00475768324181694,0
-0.000384740489284122,0.0439277210545601,0
-0.000311371213714209,0.0273790678578108,0
-0.000245187115461645,0.00527463542921757,0
-0.000186535967406148,0.00080914345473222,0
-0.000137732897970789,0.0119749215360546,0
-0.000102090765165777,0.00120402476316895,0
-7.82926713733674e-05,0.000752764152435404,0
-6.32642931543435e-05,0.0312713358276311,0
-4.9361721531767e-05,0.00224211898238703,0
-2.43091056653631e-05,-0.00132857953579988,0
1.94343818961934e-05,-0.0123911679982686,0
7.67347680132896e-05,0.030060569692704,0
0.00014147864696635,-0.0195885287541664,0
0.000210820607260471,0.0341993537481317,0
0.000285430940360897,0.0354794626289196,0
0.000362564493946085,-0.00643617490245875,0
0.000441362763571346,-0.00975713244739746,0
0.00051958793303746,-0.0238120130738391,0
0.000587573693844807,0.00922305838331849,0
0.000643967701353363,0.0268911962140288,0
0.000690644878164751,-0.0287140028187097,0
0.000733406685375935,-0.0168306788859054,0
0.000774986774897233,-0.0233674958308612,0
0.000811001199344813,0.012215403634128,0
0.000841155233797762,0.0175445416281209,0
0.000860502354951734,0.0162739093999481,0
0.000861920867015697,0.00547130257579909,0
0.000842571559428224,0.0458937674513661,0
0.000802750207551881,0.0312584130694578,0
0.000743724695170676,-0.00905111411918373,0
0.000667448931248268,-0.0146871351350512,0
0.000575616676675498,-0.00894250136153506,0
0.000473182032015955,0.0111719563126137,0
0.000364855875137068,0.00165162210391427,0
0.000254260316860857,0.0227577722336136,0
0.00014293076497163,-0.0111000178894956,0
3.0806416240168e-05,-0.0160883163432671,0
-7.72981356277516e-05,-0.035985335918114,0
-0.00017441034508599,-0.00851718368253643,0
-0.000258276269787678,0.00876840063141026,0
-0.000332099767260282,0.0173494768273817,0
-0.000400949928240904,0.0426017313838157,0
-0.000467983792733973,-0.0039789394014179,0
-0.000528613535276735,0.011686657977384,0
-0.000581846978728528,-0.0374460135398204,0
-0.000635549995499504,0.00213849536990948,0
-0.000698307640629359,0.0496071092744911,0
-0.000771456240730506,0.0106220644576273,0
-0.000848033350183929,0.0351035571663922,0
-0.000925301933642651,-0.0298211458061633,0
-0.0010011735587719,-0.00843162879177674,0
-0.00106704851683619,0.0349262343258786,0
-0.00111322173849793,0.011904864094504,0
-0.00113434260339297,-0.0534986499505525,0
-0.00112892409490137,0.0193455986175031,0
-0.00109795500552962,-0.0214566501216205,0
-0.00104400990376639,-0.0244103512768957,0
-0.000974880337609785,0.00354153194520607,0
-0.000896094998210725,-0.00249341926906284,0
-0.000808275474865137,0.012247218336181,0
-0.000713921667458913,0.0029546559565563,0
-0.000617664649598095,0.00589415077667273,0
-0.000526161025117892,-0.0130317270211323,0
-0.000442331930331156,0.027028326335775,0
-0.000367386744466946,-0.0149749283088037,0
-0.000303661975403069,-0.023734784820936,1
-0.000252672202090235,0.0198246264212189,1
-0.000216423413153624,-0.00198424964744086,1
-0.000187983095743555,0.0353841612736292,1
-0.000164579876951212,-0.00184203920266647,1
-0.000146234585273968,0.0126928836322026,1
-0.000131693440687158,-0.0120985874555244,1
-0.000122411340081546,0.0312717752642823,1
-0.000121622155413326,0.0111965688881573,1
-0.000135276781128773,0.0213069630292609,1
-0.000175645056907302,0.0211283608093728,1
-0.000252670852463763,0.069976259096329,1
-0.000370917803566269,0.0266631940609243,1
-0.000533961991157519,0.0165020622570125,1
-0.000749728666089832,0.0449921239083696,1
-0.00103014160562238,0.0299875394229653,1
-0.00138380233116636,0.0136084526506472,1
-0.00181653522368536,0.0458376936361964,1
-0.00232178030096638,0.0284364970148103,1
-0.00288760388820947,0.018145722029016,1
-0.00350519729903808,0.0378750644517978,1
-0.00416724292722082,-0.0112399284840908,1
-0.0048599415077908,0.0340513831417194,1
-0.00556159981427136,0.00849609029453091,1
-0.00625277936879814,0.0137365477358951,1
-0.00691882888891591,0.00479541083268857,1
-0.00754596846791605,-0.0316099738309622,1
-0.0081213356875184,0.0103828648904276,1
-0.00863069180318435,-0.00201573485890637,1
-0.00905910311139279,-0.0339029895403978,1
-0.00938730457072971,0.00735641802971689,1
-0.00959864783943657,-0.00760741326944148,1
-0.00968276193505718,-0.0177503017800648,1
-0.0096343866589207,-0.061561351084021,1
-0.00944816939658335,-0.0475738422146385,1
-0.00912256947995161,-0.0600787423319074,1
-0.00865741591622216,-0.0296495844701393,1
-0.00805483634976124,-0.0386257808201926,1
-0.00732650563011498,-0.00487014814872228,1
-0.00647922848360065,-0.0352220830329758,1
-0.0055245182905278,0.00284177754145271,1
-0.00447782720530554,-0.0224785824529606,1
-0.00335772807385515,-0.0292761363850993,1
-0.00219391792685324,-0.0225733171492994,1
-0.00101857502625925,-0.00795045816582313,1
0.000135711330252094,-0.00616482741393528,1
0.00124750102215174,0.013140106447409,1
0.00229974093439842,-0.0114390247499988,1
0.0032699212432372,0.0208412412205735,1
0.00413663183043715,0.0483424559661791,1
0.00488066998474548,0.0194597356842271,1
0.00548509342867588,0.0310345381795249,1
0.00593423521528186,0.0447444899622047,1
0.00621837065511985,0.05706590352951,1
0.00633774389394906,0.0257394082263381,1
0.00629551207114978,0.0245555943008856,1
0.00610007740957955,0.0208703432625841,1
0.0057583425938568,0.0973102192570675,1
0.00527776717584349,0.029084561963105,1
0.00467220001092463,0.00300921593081836,1
0.00395663971081672,0.0319062330985736,1
0.00315058164940485,0.0206574695377882,1
0.00227584245038442,0.013335708389181,1
0.00135653035325607,-0.0134971655689846,1
0.000419597126622775,0.0377698705663651,1
-0.000507276464255537,0.00633955140955261,1
-0.00140147801660774,0.0198899409462194,1
-0.00224009714293879,-0.0134943002091508,1
-0.00299619231696542,-0.0177857070582992,1
-0.00365068057314385,-0.0109012734006553,1
-0.00418602832204969,-0.0101471665396745,1
-0.00458983973678175,-0.0192685632096596,1
-0.00485562465887758,-0.0209678487373346,1
-0.0049785543709063,-0.0203418266891676,1
-0.00495956709836522,-0.0458755098724371,1
-0.00480544960924679,-0.00625974247198348,1
-0.00452297943741856,-0.0193001948268554,1
-0.00411590798111994,-0.0400397078437207,1
-0.00359125448994157,-0.0846418994466816,1
-0.0029622688873376,0.00327138171198227,1
-0.00224757812784618,-0.0527245543667893,1
-0.0014669467885185,0.0113430746268098,1
-0.000642940217234043,-0.0491681860332759,1
0.000204061866254095,0.0268423579597703,1
0.00105187736023283,0.00610238255021116,1
0.00187888029763349,0.0166577941969614,1
0.00265987585586514,-0.0138339672695807,1
0.00337105716055395,0.0241163346449425,1
0.00399799330365245,0.0418724797421913,1
0.00452762917544189,0.0447467344592216,1
0.00494492683264742,0.00136733436732952,1
0.00523998487581147,0.00644348342105792,1
0.00540513371436247,0.0330262349707568,1
0.00543323989377048,0.016261926814503,1
0.00531936069603059,0.0396166931488113,1
0.00506744274919743,0.0254662835598488,1
0.0046822619909757,0.032320138273544,1
0.00417375050977541,0.0156162684986277,1
0.00355265803414388,-0.0204793603832152,1
0.00283355629973992,0.0122747063123239,1
0.00203534516200647,0.0386034533751388,1
0.0011777983290493,0.0161821314459789,1
0.00028164464319993,0.0220130433411126,1
-0.00063310651131477,-0.0238754650807578,1
-0.00154217916789443,-0.0153849417025004,1
-0.0024248536976765,0.0111525572936635,1
-0.00326313330789259,-0.0575527115138747,1
-0.0040344666278722,0.0105465791131869,1
-0.00471698482793815,-0.0403777008774302,1
-0.00529525935160953,-0.0731050882385705,1
-0.00575650700233636,-0.0142943923397634,1
-0.00609107921981619,-0.022079845196007,1
-0.00628833635199217,-0.0297452163162771,1
-0.0063393838027887,-0.00975498421433352,1
-0.00624085060606536,-0.0132869994020727,1
-0.00598856970375496,-0.0155802503319657,1
-0.00558478124047945,-0.0117140047321073,1
-0.00503965219473873,-0.0533749443450352,1
-0.00436480083579632,-0.0784698908714152,1
-0.003578275629519,-0.0101227187499373,1
-0.0026983915091378,-0.0313164151449563,1
-0.00174311890455815,-0.0257994055590663,1
-0.000733984274305052,-0.0340979332196311,1
0.000303977391470917,-0.000848370647979553,1
0.00134470351034186,0.0379682448264757,1
0.00236600243907567,-0.00182490582431551,1
0.00334926018383784,0.0184938070359808,1
0.00427111541936112,-0.0144313353373096,1
0.00510573183944472,0.0752063213065297,1
0.00583196781813755,0.00189054958188132,1
0.00643076769592552,0.0188722161895006,1
0.00688979425562065,-0.00507003699580669,1
0.00719976769375389,0.0529870742461968,1
0.00734889992446456,0.022404362115676,1
0.00733281633152278,0.0592739719756492,1
0.00715481365634054,0.0353727084983735,1
0.00682455699837976,0.0144462155972299,1
0.00635359689181435,0.0502045304286021,1
0.00575684384166688,-0.00884012436655224,1
0.00505354545755459,0.0544669566853733,1
0.00426239652173112,-0.00355855335997764,1
0.00340542078715747,0.00435709028473329,1
0.00250551886097798,0.0211903064030655,1
0.00158456428333589,-0.0194473699158245,1
0.000662675587575836,0.0376201390499752,1
-0.000242102430309635,0.0130015445398263,1
-0.00111191480322206,-0.0529847024214124,1
-0.00192906511411596,-0.0443463764696617,1
-0.00267102769827144,-0.0355713389682529,1
-0.00331981146506506,0.00395542862266352,1
-0.00386263943763847,-0.0520035629586561,1
-0.00428625668342601,-0.0483794632214264,1
-0.00457752870782484,-0.0308164728371888,1
-0.00472644833195698,-0.0440943413464157,1
-0.00472724102970144,-0.0208871371228776,1
-0.00457966220554019,-0.043649071023586,1
-0.00429035608822791,-0.0224125927042665,1
-0.00387110831465197,-0.0360035524663238,1
-0.0033344158392035,-0.00110740562654722,1
-0.00269554561382139,0.0218688031719695,1
-0.00197173359837547,-0.0142093444550032,1
-0.00118569742159864,-0.0446459106889069,1
-0.000355050396619409,-0.0468465690033123,1
0.000503296317540783,-0.00273963684195244,1
0.00136763246227147,-0.0176162917346296,1
0.00221767677716689,-0.0189962555773526,1
0.00303245474910141,-0.0751847913519319,1
0.00378983880963492,0.0418519884409911,1
0.004470215391661,0.0298028626598472,1
0.00505548769049879,0.0100001070089945,1
0.00552909193394148,0.00495714466233304,1
0.00587658335310291,0.074075320341188,1
0.00609159549551472,0.0562028885643815,1
0.0061726618517816,0.0395123533373711,1
0.00611530311561385,0.0217828425214587,1
0.00591313609508893,0.0527824989586429,1
0.00556293983084209,0.00542920579119981,1
0.00506163817631168,0.0263154829113775,1
0.00441062666948557,0.0632503082722049,1
0.00362137384502236,0.061919932675478,1
0.002708329404259,0.0378475204098202,1
0.00169017692431518,0.0537234755201449,1
0.000591706413876375,0.00103348632272827,1
-0.000554908022374952,0.0366683552064546,1
-0.00172090262733986,-0.0270902992864587,1
-0.00287685662690436,0.0093497998372557,1
-0.00399052578175915,-0.0230863330201277,1
-0.00503288404349798,0.00764447481158632,1
-0.00598205345385671,-0.0239490842021661,1
-0.00682174860088258,-0.037749187732681,1
-0.00753681718877528,-0.0286073481954917,1
-0.00811282870116975,-0.0212373812240632,1
-0.0085389692149296,-0.000165588148943428,1
-0.00880581371007632,-0.0113654670226732,1
-0.00890892250217385,-0.0257138116916794,1
-0.00885198893250006,-0.0129774000821788,1
-0.00864190844957784,-0.0238140704086449,1
-0.00828302766632396,0.0183602789714675,1
-0.00778504694860634,0.00371207496244536,1
-0.00716070113171327,-0.0258105629468298,1
-0.00643042453184944,-0.0097853756646716,1
-0.00561906839068164,-0.00080042510322597,1
-0.0047464138852493,-0.00318705300238916,1
-0.0038298941510541,0.0114904627907949,1
-0.00289573675307975,-0.0241327150474484,1
-0.00197551437335955,-0.000166774590337941,1
-0.00109936432552495,-0.00750631592092324,1
-0.000289538858888887,0.00836364038826114,1
0.000437155721737805,0.0387370903686027,1
0.00106447831995167,0.00954932914058731,1
0.00158445335101068,0.046269489189511,1
0.00199074797496884,0.0516353098401933,1
0.00227156197625997,0.0300981409082433,1
0.00242112392828304,0.00750185346001847,1
0.00244079416560082,0.0407970736416685,1
0.00233103227085544,0.0692220722666408,1
0.00208891191281287,0.0488707237785014,1
0.0017180112686265,0.052330862224394,1
0.00123100809232175,0.00633370448682487,1
0.000641699509381509,0.0244073184771736,1
-3.38821433703779e-05,0.0370199663300707,1
-0.000783189515142117,0.0186117042480592,1
-0.00159326532357686,0.00283381911744295,1
-0.00244507336440048,0.0577071214680218,1
-0.00331505341187679,-0.0268930775105199,1
-0.00417519800040031,0.0321511608868677,1
-0.00499831303836376,-0.0244281416073413,1
-0.00575933980648609,-0.0150591215338503,1
-0.00643886676510907,0.00634266464950855,1
-0.00702032471894294,0.0300848489607439,1
-0.00748570096819963,-0.032469780001498,1
-0.00781759771048565,-0.0169911334678137,1
-0.00800265772259758,-0.0359783019105349,1
-0.00803029774038659,-0.0374322843147249,1
-0.00790296180062927,-0.0396025471071471,1
-0.007626280320378,-0.0434953282738317,1
-0.00720312507831305,-0.0449438446025174,1
-0.00664234207554379,-0.00416120721904073,1
-0.00595794037284311,-0.0237805592776444,1
-0.00516826520280494,-0.0410199604932598,1
-0.0042876592214067,-0.026336348448591,1
-0.0033349271099512,-0.000331353701535777,1
-0.00233785505756892,0.0076778127658041,1
-0.00132294678576518,-0.0184636104536959,1
-0.000316541552340882,-0.0100624619565243,1
0.000659688591837488,0.0348711728714911,1
0.0015869918545898,-0.0132587377342151,1
0.00244862090930199,-0.015633744569828,1
0.0032311896998915,-0.00516896604089382,1
0.00392138594222228,0.00666955208034408,1
0.00450522068282221,0.00279596283701487,1
0.00496556033810351,-0.00453258301985688,1
0.00529151746639674,0.00335436872612814,1
0.00547757850115921,0.0200426378325114,1
0.00552070816423225,0.0329163818127789,1
0.00542138351359293,-0.00155001859774249,1
0.00518548903990188,0.0358549488461656,1
0.00481987518868985,0.0475153124257461,1
0.00433149446156443,0.0390704187948315,1
0.00373250229389732,-0.0223854864583951,1
0.00303254199959408,0.0485749116400155,1
0.00224785599619098,0.0258738329683681,1
0.00139913635619161,0.0122639644333355,1
0.000503357151621926,-0.0039875798950442,1
-0.000415829407555099,-0.026670092245891,1
-0.00133025159288614,0.00224615771671492,1
-0.0022166969740767,-0.012418109968722,1
-0.00305595754823026,0.0249587592508925,1
-0.00382544049235927,0.0191156958536641,1
-0.00450103053329316,0.021326529361171,1
-0.00506482271957109,-0.00674721463112535,1
-0.00550826972500909,-0.0556509310352885,1
-0.00582542210761002,-0.050474574172878,1
-0.00601197700053285,-0.0182411838898604,1
-0.00606568643392916,-0.0321927818581069,1
-0.00598780920218413,-0.0407854985182001,1
-0.00577370456644394,-0.071191999493102,1
-0.00542119143813229,-0.07132689065284,1
-0.00494195260811166,-0.0169549675244876,1
-0.00435142319150912,-0.00996189871598023,1
-0.00367002753253939,-0.0344674143840514,1
-0.00292237997390992,-0.00247942870090789,1
-0.00212762391208519,-0.032600136114383,1
-0.00130417756041879,-0.00398406292894444,1
-0.000463934275848063,-0.0285832095217178,1
0.000377169604702021,0.0226330098567071,1
0.00119388539216894,0.00455372625808957,1
0.00196163627234548,0.00049193678117002,1
0.00265978123791989,-0.0101393578471126,1
0.00327006566433847,0.0266157942442607,1
0.00377719337941332,0.0148099692663699,1
0.00417005282530823,0.0565293209854211,1
0.00443779862689179,0.00847074666139606,1
0.00456691120207033,0.0365794940761014,1
0.00454877759658164,-0.00239359740742237,1
0.00438229441329836,0.0370318867374914,1
0.00407255588337566,0.0238951616013054,1
0.00362743963999303,0.0390531287941564,1
0.00305773462592845,0.043914409155841,1
0.00237885532526575,-0.0187953199383478,1
0.00160786760757932,0.0199043958752306,1
0.000765104641152779,0.0378770331340431,1
-0.000127332117843764,0.00634596989318775,1
-0.00104799100840878,0.0304104797221253,1
-0.00197380480665894,0.0209619657828388,1
-0.00288236103606896,0.0374155348023264,1
-0.00375033512635637,-0.0447242544020685,1
-0.0045555240041062,-0.0114972749388006,1
-0.00528187252970117,-0.00998721430804203,1
-0.00591967995992625,-0.0361708417283282,1
-0.00645536467650811,-0.00270480511983603,1
-0.00687341523988825,-0.0211561837157658,1
-0.00715918461922378,-0.024724492143891,1
-0.00730377272752462,0.0255506380304998,1
-0.00730250943406662,-0.0249724646611442,1
-0.00714845771534791,-0.0457232368794277,1
-0.00683602994614026,-0.0398069814808195,1
-0.00636777880815213,-0.0284639520519561,1
-0.00575607445351719,-0.0265663175655314,1
-0.00501433758532692,0.011044907719868,1
-0.00416434069111951,-0.042859390000078,1
-0.00322797884689103,-0.0214616900318686,1
-0.00222470123594716,0.02032275255376,1
-0.00118042970129679,0.00536351066498162,1
-0.000119858428193858,0.00951518083465199,1
0.000931417868495252,0.00967431559061529,1
0.00194417731398093,0.0299495683353042,1
0.00288760988926612,-0.00666839112297941,1
0.00373755357058278,-0.0177793734690875,1
0.0044751390270902,0.0336641263296539,1
0.00508668588697293,0.0428577945467642,1
0.00555999841694054,0.0214425135482574,1
0.00588423715810487,0.0598497413599525,1
0.00604617120617001,0.0155943302856782,1
0.00603534636662205,0.0367814359389224,1
0.00584610649791411,0.0628192376920275,1
0.00548100627515923,0.0391875774495211,1
0.00495221185432187,0.00483076351437208,1
0.0042816355715681,0.0545304169866514,1
0.00349282919710673,-0.0181478717361997,1
0.00260561746115666,0.0419968636956607,1
0.00163796136450136,0.046603406074815,1
0.000614503345047884,0.0330850829617775,1
-0.000438309271256903,-0.00896826683824403,1
-0.00149442271866052,0.0032114903078103,1
-0.00252706031352634,-0.0234353188692311,1
-0.00351308916118327,0.026015073657475,1
-0.0044301040267401,-0.00626651549826061,1
-0.0052580952983469,0.00599248097621601,1
-0.00597779106328792,-0.00199978591893471,1
-0.00657474049914096,-0.00960425955373423,1
-0.00703547324993246,-0.0218904301503358,1
-0.00734624207822971,-0.0170495741517723,1
-0.00749888230948397,-0.0513100754565394,1
-0.00749259170108921,-0.018121782097683,1
-0.00733368230321063,-0.0542488952103414,1
-0.00703095075540385,-0.0163959888297919,1
-0.00658991848523201,-0.00358588174076734,1
-0.00601699344643516,-0.0308542449072498,1
-0.00532772380878776,-0.0370687864348821,1
-0.00454693089421478,-0.0624870293710056,1
-0.00370035728492449,-0.0261250986457122,1
-0.00280891980119313,-0.0335319546583077,1
-0.00188836223916218,0.0369609439990383,1
-0.000958518577696206,0.000898225037318784,1
-3.74800728861686e-05,-0.0275224825190062,1
0.000853093650289681,-0.0266435040650927,1
0.00169094789221025,-0.00785658572124888,1
0.00246109294737028,-0.0348477203467366,1
0.00314660532841951,0.0188621852490079,1
0.00373334972063394,-0.0184864798178882,1
0.00421308918226256,0.0135649611022718,1
0.00457574691009432,0.00245515557081127,1
0.00480912939352061,0.0353932582973434,1
0.00490291946450876,0.025407150382847,1
0.00485188283498582,0.0385904299873378,1
0.0046515501621546,0.0480622492719795,1
0.00430672367928773,0.0288890767928683,1
0.00383429342554672,-0.00173622997441259,1
0.00325346112462937,0.0463144346493789,1
0.00257924658588711,-0.00831639158213652,1
0.00182647930193432,-0.0184953469905054,1
0.00100846395056165,0.0448166201717394,1
0.000147001901133229,0.0150174121557919,1
-0.000726932398453662,0.00770460423134986,1
-0.00158811850245137,0.0271155717940795,1
-0.00241787391751154,-0.00992056010732132,1
-0.00319878713101917,-0.027753816796442,1
-0.0039073146871414,-0.0122028687374377,1
-0.00452309516306342,-0.0272738786842963,1
-0.00503372226777189,0.0053588131972642,1
-0.00542377158626136,0.0332590510055527,1
-0.00567988643170738,-0.012490954608672,1
-0.00579829374850169,-0.0424325159633359,1
-0.00578030066470983,-0.0315875111388687,1
-0.00562573931911238,-0.016007681327685,1
-0.005335041622141,0.00945290641670322,1
-0.00491762070275949,-0.0109213901055837,1
-0.00438618184436367,-0.0385368679063066,1
-0.00375140087038337,-0.0283857633243372,1
-0.00302545032727771,-0.036106092086175,1
-0.00222469065562732,-0.0249805945642484,1
-0.00136813872848619,-0.00868945765563371,1
-0.000477028416130005,0.0298553441801387,1
0.00042803203233772,0.0211908876388906,1
0.00132394088166079,-0.0331601532538235,1
0.00218677233779447,0.0144404844896534,1
0.00299315057542158,0.0349858607170798,1
0.00372136747026481,0.0353150414798288,1
0.00435410108170113,0.0355811891535748,1
0.00487409626278416,0.0269308822013255,1
0.00526209593354753,0.0438933436924046,1
0.00550259752298651,0.0278158704031221,1
0.00558693123480455,0.0439606591608364,1
0.00551307978630594,0.0448313834044073,1
0.00528489018481916,0.0475688763231386,1
0.00490855919350192,0.0419126914723083,1
0.00439630785169808,0.0552509150213139,1
0.0037657071224937,0.0570814030492878,1
0.00303066585242935,-0.0039814118769967,1
0.00220658334210343,0.0123802015220749,1
0.00131200759840982,0.0203656803427183,1
0.000371619669344174,0.00169554106136374,1
-0.000588081789226131,0.0328355888336351,1
-0.0015466603979279,-0.011850396692784,1
-0.00248520397260105,-0.00428486828711356,1
-0.00338562122340259,0.000678581033250188,1
-0.00422708045298615,-0.0102462130181179,1
-0.00499037558285262,0.00240323212109722,1
-0.00566812359677684,-0.0327179982173541,1
-0.00625105697379362,-0.0200949339618559,1
-0.00672173627226906,-0.0194322973530548,1
-0.00706274769693583,-0.00841943837448269,1
-0.00726176481002865,0.0249277860540769,1
-0.00731573713416077,-0.0425710645491425,1
-0.00722570489613156,-0.0549386006634428,1
-0.00699644491635119,0.00512697215387722,1
-0.00663658730465107,-0.0315371778218228,1
-0.00615574900593163,-0.00838697849331216,1
-0.00556988731007739,-0.0441050639292406,1
-0.00488884580794967,-0.036145567374653,1
0.057600074661225,0.00158818349748096,1
-0.221405916058184,-0.0710209963302946,1
-0.234709737722324,-0.0756759819835448,1
0.188696102545239,-0.0765086539813405,1
0.223034998108732,-0.0156714747530435,1
-0.199210165211277,-0.00883441404254459,1
-0.232412599330101,-0.0258505033939684,1
0.191646009579561,-0.00484237874696935,1
0.226685373112394,0.0148467227553103,1
-0.195411446392669,0.0159252998792632,1
-0.228649199145958,-0.0225916277075223,1
0.195237902336702,-0.0704422090441996,1
0.230034736424556,0.043783139073339,1
-0.192430027709672,0.0534174081915946,1
-0.226136295743863,0.0134532279981896,1
0.197171150104029,-0.0242158100490123,1
0.231391678293472,0.0271831762983061,1
-0.191731095365729,0.103484198209376,1
-0.226088081373477,0.0111692072355586,1
0.196548921429633,-0.0253471758558256,1
0.230150741301898,0.063348068669621,1
-0.19356942901065,0.0137661685242664,1
-0.22837686318,-0.0395181424942213,1
0.193900043768279,-0.0399623888864912,1
0.227263282007569,0.0119489847499456,1
-0.196590420586221,0.0057254825420897,1
-0.231364905078171,0.0107225020036399,1
0.191033869718184,0.0141971864275482,1
0.224621477131609,0.0145288831410573,1
-0.198880898097211,0.0239611553086396,1
-0.233256216765549,-0.0232778409463285,1
0.189655721139466,-0.0433047211082447,1
0.223800613877442,0.0312920419170931,1
-0.199080948503069,-0.0125278499123327,1
-0.232832864345058,-0.0451417037922305,1
0.190708184199289,-0.0470547147164695,1
0.225422813712116,-0.0411255843930153,1
-0.19689183125532,-0.0549310694918048,1
-0.230194996402748,-0.0374502105242596,1
0.193768513161883,-0.0365561580106979,1
0.228834260734986,0.0122222788197612,1
-0.193214009594157,0.0458726061950133,1
-0.226354703004153,-0.0112943313317142,1
0.19769578579009,-0.0129277013589642,1
0.232712511137013,0.0355669222719565,1
-0.189472041711927,-0.044467490202872,1
-0.222829709515788,-0.00146034770199297,1
0.200932161885539,-0.0201518499899946,1
0.23556330746844,0.0320477973783333,1
-0.187060327050095,0.0533736868930034,1
-0.2209054232698,-0.00864910152249731,1
0.202278910926861,0.0427011733733529,1
0.23634223080533,0.055201318079962,1
-0.186895750205225,0.0179319740455704,1
-0.221381311807631,-0.0375142500405397,1
0.201157400841933,0.0354032161083398,1
0.234648962599386,0.0841022077409783,1
-0.189168772792076,0.0328460938981206,1
-0.22412799994816,0.00608794093695633,1
0.197958556718922,0.0005844148581492,1
0.231076587954877,0.0346540949662812,1
-0.19305083797982,0.0713310664475413,1
-0.228233686731675,0.0186091917049515,1
0.193725232698237,-0.04998649767901,1
0.226803963178331,0.028594240081769,1
-0.197281544793632,-0.00551854594769866,1
-0.232309320608182,-0.0735595227316408,1
0.189882288407858,-0.0263608155058193,1
0.22328220075331,0.0176935341868563,1
-0.200399234628071,-0.00898271166269928,1
-0.234973928674415,-0.0509651138195222,1
0.187730382123202,-0.019581346546938,1
0.221666757716556,-0.0485601984913546,1
-0.20143921943043,0.00717568472313359,1
-0.235430352815165,-0.0614700229565089,1
0.187876854536063,-0.0637918196882038,1
0.222377942372803,0.0152473190790378,1
-0.200144543610138,-0.0110679315501372,1
-0.233658903634354,-0.0470566658907078,1
0.190098953982139,-0.073685187553346,1
0.225002774617709,0.00371224998588083,1
-0.197208673227205,-0.00735316872453767,1
-0.230503997860169,-0.0279005348836956,1
0.19341897374749,-0.0075359491279011,1
0.228318193478788,0.0499794813070749,1
-0.193941611225265,0.0164790472176224,1
-0.227356424944165,0.0068906853691633,1
0.19636044783782,0.00125756941173682,1
0.231000106768732,0.076381809742239,1
-0.191598383353266,0.0432390904205381,1
-0.22542208199317,-0.00402138591651151,1
0.197800422952152,-0.015895491713997,1
0.23195803239013,0.0179165102954721,1
-0.191188827572507,0.0266815667751928,1
-0.225560158349691,0.0180815529986667,1
0.197113572075043,0.010186906503307,1
0.230725676563664,0.0436291402843174,1
-0.192958390290317,0.0584214494505275,1
-0.227760268118684,0.0160782604976307,1
0.194482700414313,-0.0198566623851064,1
0.227766925220422,0.0652848494192212,1
-0.196190799391947,0.041331596632033,1
-0.231169833661635,-0.012706799777494,1
0.19098561668986,-0.0466740193794399,1
0.224267225269442,0.0414090876303358,1
-0.199612703651342,0.0134275917854812,1
-0.234427104527837,-0.0378170291291897,1
0.187974144608441,-0.06290140396869,1
0.221577152756457,-0.0443250877466825,1
-0.201913111149189,-0.0168060962222656,1
-0.236281616452792,-0.0800557828151704,1
0.186607630347929,-0.0456400398500928,1
0.220736866543635,0.0138508839930461,1
-0.202185913295575,0.00219389006028291,1
-0.236012287839307,-0.0772454836047781,1
0.187468382050807,-0.0480588665961854,1
0.222109951572056,0.00303514260359128,1
-0.200271386094771,-0.0365099800413418,1
-0.233615644482428,-0.0465422994583608,1
0.190313432720902,-0.0466840083908237,1
0.225336458705712,0.018551929818549,1
-0.196731381657768,0.0377311727837299,1
-0.229880942107725,-0.0393978670642988,1
0.194176958362971,-0.0497301665256551,1
0.229223149726763,0.0831542968199221,1
-0.192902217719527,0.0284841232073208,1
-0.226198916463154,-0.000601553772126864,1
0.197597060962515,-0.00758874670878639,1
0.232331419543792,0.0319244111108971,1
-0.190214042867277,0.0413512010476262,1
-0.224002010879823,0.0159134578101148,1
0.199252258975862,0.0277623838787806,1
0.233433629953304,0.0182706943268937,1
-0.189677175647036,0.0492127484167135,1
-0.224032853582815,0.00567159271029234,1
0.198656301655979,0.0129960904878314,1
0.232288869432763,0.0661007984599342,1
-0.191381819713171,0.0695881181009632,1
-0.226180041302456,-0.00666783842217204,1
0.196060025252022,-0.0168595179999579,1
0.229333336872063,0.0535907210189101,1
-0.194638095086326,0.0561063810787724,1
-0.229672374216506,0.0165409286336335,1
0.192429727387024,-0.0162063687682647,1
0.225645550279805,0.0137099129870283,1
-0.198309611120854,0.022735310099883,1
-0.23320222189949,-0.0683690873103785,1
0.189095506688072,-0.0517918299150458,1
0.222584067869889,-0.00630693073051601,1
-0.201034153031296,0.0032663118563189,1
-0.235525673261651,-0.0135135204848539,1
0.187238283902616,-0.0688554762636184,1
0.22123865074546,-0.0103772654184669,1
-0.201799653079315,-0.00485130432190735,1
-0.235739501503783,-0.0075242620725828,1
0.187614268453416,-0.0493357038511954,1
0.222172041840081,-0.0258989868893058,1
-0.20031328087201,-0.00806332850446892,1
-0.233753089903796,-0.0447132200498912,1
0.190081297825774,-0.0445829129163553,1
0.225034454963774,0.0102683008182001,1
-0.197097501248456,0.0245535102505903,1
-0.230289681742254,-0.0370541815969191,1
0.193741251839075,-0.00846711543068527,1
0.228788085518001,0.0340712730833218,1
-0.193328010484088,5.5654879772403e-05,1
-0.226591382104282,-0.000305614437827683,1
0.197293713503221,-0.0133913704334542,1
0.232072379300908,0.0221761088672873,1
-0.190378675464938,0.0336965199878385,1
-0.224051244106404,-0.0121596753081129,1
0.199326442694506,0.0277504531776598,1
0.233609853808038,0.0540381191132372,1
-0.189425042354178,0.048919549478817,1
-0.223688402073798,0.0256658797777986,1
0.19907667887243,0.0453234109747014,1
0.232773481492619,0.0646113009539737,1
-0.190823263548477,0.0137809393637099,1
-0.225551200309429,-0.0377654279690463,1
0.196777747584674,0.00911332430481493,1
0.230128151135688,0.00535962642175213,1
-0.193760630206709,0.0494106172804645,1
-0.228706406715855,-0.0188577800556281,1
0.19348115605764,-0.0192601659459727,1
0.226790060706136,-0.00612362843637274,1
-0.197046453934407,0.0117959433518615,1
-0.231867461801632,-0.0336330276379892,1
0.190531061997508,-0.0110992415993604,1
0.224119493986622,0.0211401422685927,1
-0.199414463992089,0.0464496136840982,1
-0.233842153081287,-0.0209072900484275,1
0.188973734463767,0.00541696624859497,1
0.222978409846652,-0.00770291008599425,1
-0.200066494072042,-0.022860834807252,1
-0.234009105334154,-0.0325281432158489,1
0.189311045194515,-0.0553074325211842,1
0.223811816079961,-0.0407863769437972,1
-0.198737262686319,-0.0150430354715174,1
-0.232287009445453,-0.0299605142015466,1
0.19144590425016,-0.0534425817495085,1
0.226282304378827,-0.0203025257963429,1
-0.19596106153031,-0.0125404562850757,1
-0.229270617788609,-0.0561339085248948,1
0.194641068902703,-0.0357998046266065,1
0.229544581528909,0.0178249229346207,1
-0.192718907578248,0.0354147248815589,1
-0.226135592357729,0.00391361060446153,1
0.197545468976837,-0.0132520096861587,1
0.232164993240045,0.0360812809287112,1
-0.19047123167055,-0.018600686435403,1
-0.224327046139373,-0.00920087067167985,1
0.198882264922207,-0.0130827586608278,1
0.233010738216286,0.0730468070697075,1
-0.190140322290171,0.0310170350494318,1
-0.224516746602777,0.0170104126208799,1
0.198153086921477,0.0573877015181434,1
0.23176503928717,0.0660803333037152,1
-0.191907242317934,0.0486877488616792,1
-0.226707955719569,-0.0077571373835142,1
0.195551592003855,0.00168902666319233,1
0.228857341007409,0.0465856924749133,1
-0.195082466949419,0.0337474561800122,1
-0.230055382744628,-0.000580557109525004,1
0.192110631678304,0.045044151160976,1
0.225382770837857,0.0216126167059833,1
-0.198499048112728,-0.00156134615629121,1
-0.233356930596659,-0.0405448290858831,1
0.18900557835919,-0.031056421595625,1
0.222567510102645,0.0220083940657217,1
-0.200958367907438,0.014638911648731,1
-0.23540289045238,-0.0778606059724564,1
0.187423774921732,-0.0443301930183582,1
0.221475071373771,0.00497636201649838,1
-0.20150741673333,0.00223078370825073,1
-0.235422927200645,-0.0862947815731361,1
0.187951811840807,-0.0237938328314872,1
0.222537702899544,0.00484417309323975,1
-0.199934785817711,-0.039802660618541,1
-0.233381351553658,-0.0553720360239262,1
0.190446246830056,-0.0160112998991001,1
0.22541007165324,-0.00785228850398733,1
-0.196704141676318,-0.0251026152197972,1
-0.229873918018101,-0.0272651726290877,1
0.194200163561769,-0.015329161488596,1
0.229275221659963,0.0461845501922087,1
-0.192787825658059,0.0278570182692895,1
-0.225992259548197,-0.010229799490591,1
0.197937423727764,-0.0123118412390887,1
0.232802984059414,0.112146361274326,1
-0.18957463950158,0.0720954688751337,1
-0.223188305121985,0.023717204789629,1
0.200223376490862,0.0333547683273781,1
0.234548348171528,0.0322405175115849,1
-0.188438814630921,0.0412194978384583,1
-0.222682969834542,-0.0292309485985895,1
0.2000922758533,0.0162102412531633,1
0.233810790508512,0.0361600911544078,1
-0.189790476489555,0.0535345527078891,1
-0.224553448574649,0.00242670462871705,1
0.197729253362401,0.00756138965731481,1
0.23102339046974,0.0324398487863598,1
-0.192935800692572,0.0169155649580763,1
-0.227958443137858,-0.0107229512065693,1
0.194142303443539,0.000582431779191001,1
0.227358713141093,0.00533581384687899,1
-0.196600787087655,0.0686088272953315,1
-0.231511592325508,-0.06925284742581,1
0.190777008358823,-0.0183326749205718,1
0.22425968531184,0.0179087265048212,1
-0.199359477691796,0.0112917398293146,1
-0.233845401556431,-0.0794386698953902,1
0.188937454236176,-0.0605519896453925,1
0.222954398451272,0.0245719292388688,1
-0.200046148500805,-0.0313151601661655,1
-0.233956234100798,-0.0436151306901693,1
0.189451422366562,-0.043868546044036,1
0.224077178436939,-0.0226674482697475,1
-0.198322853484062,-0.0265153176364531,1
-0.231709798976578,-0.0585753691861772,1
0.192196883029825,-0.0238584741495731,1
0.227205138844794,-0.0153837437829545,1
-0.19486948232682,-0.00663508364393065,1
-0.228013552639756,-0.0811056095469696,1
0.196050856559756,-0.0291789571236074,1
0.231084534364974,0.0115161733638748,1
-0.191057837174115,0.00264072095512399,1
-0.224371644034687,0.00316663720576148,1
0.199432640817892,0.0227041475617191,1
0.23414305643693,0.0403446669953529,1
-0.188392228264556,0.0642751750080722,1
-0.222164878645739,-0.0188089904787962,1
0.201106422239773,0.0169538757323763,1
0.235264082428208,0.0856885597086181,1
-0.187875822040164,0.0621251658185137,1
-0.222255872763896,0.0113782432291352,1
0.200382885839473,5.48958761138925e-06,1
0.233973758509725,0.0739185558272146,1
-0.189748421576757,0.025940187013377,1
-0.224620441220125,-0.00404826959508184,1
0.197570218241515,-0.00575536765622961,1
0.23080299507547,0.0552333867013724,1
-0.193198964560985,0.0349266757361281,1
-0.228240469276952,-0.00153912986305936,1
0.193860901564872,-0.0101237609443461,1
0.227095167944638,0.0652195511826335,1
-0.196825683886628,0.00550071861342791,1
-0.231695471326863,-0.0325735237873784,1
0.190650546530053,-0.00453773533309513,1
0.224194850584405,0.000968865655621876,1
-0.199335172321706,0.0168721976496739,1
-0.233785850554407,-0.0329311550000231,1
0.18904006244191,-0.0185568773650858,1
0.223106446907211,0.00242777891319699,1
-0.19987731894601,-0.00662543670184519,1
-0.233784342231893,-0.0192417228028608,1
0.189606659033197,-0.0695795928796215,1
0.224166314328984,-0.023156025249738,1
-0.19830129556975,-0.031031793564972,1
-0.231767428962119,-0.0598960340876564,1
0.192064252430256,-0.0499144254215294,1
0.226973594455829,-0.0185625414293352,1
-0.195197648224488,-0.00704596916173878,1
-0.228424327639327,-0.0545982103924217,1
0.19553559993355,-0.00460198774260965,1
0.230487234970386,0.0521541985839974,1
-0.19173891702312,0.0732374131298475,1
-0.225128624477771,0.0125116307437754,1
0.198609288240348,-0.00894457963391752,1
0.233266564348308,0.0361264858142065,1
-0.189316278948557,0.0537908942859238,1
-0.223126231302931,-0.0134096362460981,1
0.200127168351788,-0.0251748521468049,1
0.234282944444131,0.0346615736805783,1
-0.188842360911293,0.0245749874040986,1
-0.223198814141908,-0.04917518686072,1
0.199472307665914,0.0427057952878896,1
0.233102498439258,0.0654917231193328,1
-0.190571614370108,0.0314341914608205,1
-0.225399748161774,-0.00538059202120335,1
0.196835733581172,0.00573891035138501,1
0.230107203115867,0.0524182700849009,1
-0.193861797714373,0.0277638017386147,1
-0.228892586171237,-0.0471362928796035,1
0.193223565450998,-0.0223932721755309,1
0.226453709910814,0.0100855851244374,1
-0.197464136806137,-0.00715416222492767,1
-0.232339526834129,-0.0453833273097912,1
0.190025133871357,-0.0488331850289665,1
0.223606713235509,0.00053095149407075,1
-0.199898760109078,-0.0136637442667414,1
-0.234277662534667,-0.0688786350927098,1
0.188610170549533,-0.0556011144512596,1
0.222720705917179,-0.0401828411828364,1
-0.200208706304294,-0.015922552663107,1
-0.234053637453667,-0.0395830115400109,1
0.189402651476957,-0.0828333510363425,1
0.224047444520859,-0.0191722270985887,1
-0.198350602200648,0.0120294114396422,1
-0.231748934144478,-0.0513763015848774,1
0.192133421447091,-0.0231780588316957,1
0.227057626547028,-0.00526919032460387,1
-0.195096779938179,0.0193154401928647,1
-0.228330633658386,-0.0389341805866627,1
0.195640395956103,-0.0546640245820834,1
0.23060217047499,0.0478468329136046,1
-0.191601361980617,0.0286445146418925,1
-0.224963954774133,-0.0227580684124901,1
0.198813835160485,-0.0356102766383603,1
0.233490658894321,0.0426135100603319,1
-0.189056810244359,0.00770536309946958,1
-0.222816563405145,-0.0109818525067349,1
0.200497119114648,0.0135283713692118,1
0.234724736086041,0.0842879282572172,1
-0.188328546283615,0.0155441884169488,1
-0.222598294255339,0.0151474150605926,1
0.200166923522002,0.0609969916166457,1
0.233865988029114,0.0453445491443632,1
-0.189724767372125,0.0732216769380586,1
-0.224481368681448,-0.00396829841929989,1
0.197813251163984,0.00893380226971016,1
0.231126208137342,0.0638639338137324,1
-0.192842340924275,0.000462424767561247,1
-0.227843140052969,-0.0204488118844865,1
0.194263936525936,-0.0303294244379927,1
0.227489613542601,0.0165138919261866,1
-0.196444289173975,0.0495768852881225,1
-0.231334010415832,-0.0146748496375855,1
0.19099415463405,-0.0411169796764309,1
0.224524896738707,-0.0438051697880167,1
-0.199017251535785,-0.0155297199787042,1
-0.233467472542523,-0.0452811743297866,1
0.189378868178787,-0.0580991326664362,1
0.223481600574916,-0.00025518632647112,1
-0.199428796994623,-0.000975540790909356,1
-0.233267565000981,-0.0675115833866441,1
0.190204706468596,-0.0582905506501407,1
0.224886180735338,0.00843593083109486,1
-0.197464059809967,-0.053939790007837,1
-0.23081849174406,-0.0230636351563074,1
0.193101694012617,-0.0759443459478413,1
0.228123793032119,-0.0096474082057727,1
-0.193955936735668,0.0175669549061536,1
-0.227123555364298,-0.0185021627818879,1
0.196931594280082,-0.00483473034499864,1
0.231929933612282,0.0289162050865014,1
-0.190230455766951,0.041088875281879,1
-0.223557388059351,-0.00542422166618596,1
0.200213846846895,-0.033034417110372,1
0.234899061665106,0.0332022233470942,1
-0.187692203246667,0.101809317012364,1
-0.221532551431977,0.00114969037995474,1
0.201684519833232,-0.0125432096021619,1
0.235777707768031,0.0422097193761644,1
-0.187411487021074,0.0294881511556204,1
-0.221830368014101,-0.0458909512126314,1
0.200775399900072,0.01029945231422,1
0.234312703528125,0.0594083636083033,1
-0.1894458754517,0.0284910350571765,1
-0.224359960208454,0.0250622216653525,1
0.197784276911936,0.0516693598666718,1
0.230948569520803,0.0415036269076064,1
-0.193125530363584,0.0354772171357193,1
-0.228260188600433,-0.0528095330077867,1
0.19374554138357,-0.0401440625266092,1
0.226871526082059,0.0202370404227005,1
-0.19717321647963,0.0409744705717731,1
-0.232176243466527,-0.0148793478584873,1
0.190024863925184,-0.0822735672908489,1
0.223420829915135,0.0674562981030487,1
-0.200277173418404,-0.022413606216462,1
-0.234870529629945,-0.0653808532954956,1
0.187805807920663,-0.0802403334893453,1
0.221720820499793,0.0176035539473179,1
-0.201376864360034,0.0206383564270652,1
-0.235400479178681,-0.101409559263871,1
0.187892530672952,-0.0271688769885709,1
0.222414337752265,-0.0217482289144765,1
-0.20010185525106,-0.0216527197355744,1
-0.23359764983243,0.0116858625542832,1
0.190177240888712,-0.0654954411379015,1
0.225079956076844,-0.0142334067940358,1
-0.197115539062604,-0.0408110755457623,1
-0.230380882877145,-0.0250982314138856,1
0.193558160709287,-0.0349849738204442,1
0.228505307845569,0.0183214459139661,1
-0.193706698103302,0.0629826240057026,1
-0.227067046215872,-0.0163412653375077,1
0.196716211588233,-0.0144207571312158,1
0.23143463433667,0.0362056242151978,1
-0.191069653805747,0.0490223495405325,1
-0.224775005576824,0.0147801913659941,1
0.198597779918959,-0.0123497889987446,1
0.232906069535047,0.0521434993141568,1
-0.190068771183202,0.0578889776359299,1
-0.224250981865574,-0.00385525847150384,1
0.198611464616933,-0.00803380975159928,1
0.232424504206302,0.056430158640145,1
-0.191024127765901,0.0923772790698099,1
-0.225650858822961,-0.0102800634615434,1
0.196805320296051,0.0130235001072883,1
0.230294175961905,0.00672290342548341,1
-0.193472204930646,0.0365419031736082,1
-0.228316756045475,0.0170015308225074,1
0.193971879022966,0.0137348403263323,1
0.227361820540408,0.0450484987387466,1
-0.196417432454605,0.0248551669626788,1
-0.231176236682643,-0.0492991695531701,1
0.191277473538329,-0.00991928778328125,1
0.224920949956296,-0.0301978958078937,1
-0.198526505006413,-0.00429946669202715,1
-0.232904884023337,-0.0225980177530945,1
0.189992157176182,-0.0620790718868922,1
0.224122019686803,0.0375856382841897,1
-0.198784672810569,-0.0215856393274458,1
-0.232589713154738,-0.0435623226476948,1
0.190896115805036,-0.0317760749443344,1
0.225600785906831,0.00650749497444269,1
-0.196734150366704,0.0183915812343932,1
-0.230061298927799,-0.0524554615347026,1
0.19391024059737,-0.0727666594141781,1
0.22897731232022,0.00917614745909208,1
-0.193037442446213,0.0151516523360437,1
-0.226129401302041,-0.0132621536633326,1
0.19796905241883,-0.0469243101772656,1
0.233060458085397,0.0441828217279806,1
-0.189049137375285,0.0021345674710527,1
-0.22233959328829,-0.0401364265877516,1
0.201466482304121,0.0299641508859611,1
0.236174626003576,0.0614669845545087,1
-0.186377159350757,0.0474133158327494,1
-0.220164532794743,0.00927344089054568,1
0.203102509987381,-0.00897487883480934,1
0.237281093094378,0.0515263844782166,1
-0.185830139502301,0.0810050258682508,1
-0.220164997362395,0.0183406460909975,1
0.202542328170608,0.0289881621453409,1
0.236180866008688,0.0686487510064976,1
-0.187470442473,0.060407665045532,1
-0.222282878940939,-0.0357530357405282,1
0.199956302824247,0.000656246975477732,1
0.233221077441822,0.073960201619843,1
-0.190768190234177,0.061072536753423,1
-0.225813957125834,-0.00165359168404199,1
0.196268456855828,-0.0112561696801253,1
0.22946388365228,0.0365753614905341,1
-0.194525480879979,-0.00127930664770182,1
-0.229466305472373,-0.000838297054768261,1
0.192780505093106,-0.0336768787532663,1
0.226209719979618,-0.0134883382163714,1
-0.197469330028051,-0.00564743799331108,1
-0.232067119444229,-0.0375813215341682,1
0.190581928385125,-0.0655511512504579,1
0.224449462973588,-0.0237452581951248,1
-0.198737732439281,-0.00719982887697058,1
-0.232853405039601,-0.0169248932760265,1
0.190320196022514,-0.0430562829148185,1
0.224700040928998,-0.00299346887744027,1
-0.197960050628493,-0.00492592508293523,1
-0.231606969851546,-0.0546022594869595,1
0.192052848652676,-0.0179284130042579,1
0.226806062211413,-0.000586178348808931,1
-0.195507914109734,0.0395781942459679,1
-0.228894148150749,-0.0417524012975579,1
0.19491657504713,-0.0172526749486519,1
0.229738452449975,0.0387489583929227,1
-0.192622607971889,0.0171422609090307,1
-0.226138093670681,-0.0266433242733437,1
0.19748023626003,-0.0125893381501298,1
0.232045850504492,0.00649195606958212,1
-0.190625403874936,0.0679731986271789,1
-0.224502835584949,-0.0191277269119711,1
0.198696216756927,0.022131433691301,1
0.232823451723017,0.0487974018855217,1
-0.190329477117344,0.0731641415468886,1
-0.224691854731606,0.00747051834948883,1
0.197980394374576,0.0337042433183801,1
0.231608646858749,0.0165709105084639,1
-0.192053073656302,0.0734186899035372,1
-0.226884676126354,0.021630747573,1
0.195349715189918,0.012421541663926,1
0.228612097418477,0.0716443909430049,1
-0.195389129107317,0.0255150951741666,1
-0.230417798176533,-0.033315888539702,1
0.19167156721769,-0.0185612796014355,1
0.224866002471384,0.0380964276753652,1
-0.199111467630533,0.0392367276853732,1
-0.234043874010534,-0.0238529704823094,1
0.188239759298275,-0.0609970602616398,1
0.221736908544205,-0.00879558628338272,1
-0.201824914248944,0.0284770818858728,1
-0.236311304443601,-0.027301741657025,1
0.186492831837279,-0.0757442112569142,1
0.220540219131941,0.000980452787963318,1
-0.202460357554172,-0.0218473250313619,1
-0.236367721985368,-0.0849891855029793,1
0.187012558637573,-0.0219381687153683,1
0.221577107746402,0.00487292155532269,1
-0.200920186243815,-0.0361864566276741,1
-0.234386929195949,-0.112908887646143,1
0.189402860392501,-0.0957650510642308,1
0.224266870879312,0.00413586998265587,1
-0.197947028925733,0.0118965663186095,1
-0.231225736209021,-0.00894043059030379,1
0.192697582571497,-0.0499917183236914,1
0.22766023190643,-0.000358884765430278,1
-0.19455638325577,0.0383428846073444,1
-0.22792027900106,-0.0153269966883359,1
0.195870854414975,-0.0194373198822275,1
0.230578798088846,0.0300695416230988,1
-0.191928483033941,0.0385003958182488,1
-0.225631659297658,-0.0121601900343205,1
0.197741458388052,0.0275631967505974,1
0.232011877335932,0.0615471538476901,1
-0.190992545310627,0.0509480585823401,1
-0.225219588550353,0.0272308966929605,1
0.197590376713389,-0.0305280875981702,1
0.231330419560094,0.0507036261869965,1
-0.192211518691272,0.017891162157183,1
-0.226917698543793,0.0258049516059229,1
0.195432328173552,0.0549636745380949,1
0.22880831399257,0.066111698514009,1
-0.195085641280815,0.0144886184965677,1
-0.230006475593205,-0.0213878917885008,1
0.192177892375606,-0.0329956206350233,1
0.225473304002424,-0.0283177085159804,1
-0.19838408741881,0.015957790665138,1
-0.233207006551433,-0.0154056122258162,1
0.189209363991721,-0.0503632085267466,1
0.22284380189818,-0.00210012651972366,1
-0.200596004378415,0.00256798245932369,1
-0.234930309815369,-0.0534743718836724,1
0.188006249837802,-0.0408166472282998,1
0.22217868740312,0.0113470978875816,1
-0.200705857594624,-0.00955984097341048,1
-0.234508179121577,-0.0765355792456902,1
0.188994260414433,-0.0368397653855002,1
0.223659604909805,-0.0100978544822811,1
-0.198704275917484,0.031979210226031,1
-0.232063160916528,-0.0614354630479296,1
0.191824624403325,-0.0194711898488914,1
0.226820999420426,0.0115691274738037,1
-0.195304425369732,0.00831127253156193,1
-0.228509975888217,-0.1011621561256,1
0.195486679654866,-0.0229265893247534,1
0.230464142300091,0.0185816664762616,1
-0.191720739462802,0.0333449783014428,1
-0.225063598578934,-0.0321300778376361,1
0.198737618620559,-0.00369447405831214,1
0.233445841907166,0.0726104756152064,1
-0.18906402276649,0.035341893533456,1
-0.222786254483744,0.0148380428908783,1
0.200553343514574,-0.0234568212213374,1
0.234806273529989,0.0499199296393955,1
-0.18823965424275,0.0509371638564801,1
-0.222520707136629,0.0269811455604983,1
0.200228696444176,0.0262202562223308,1
0.233935848585155,0.055991288133749,1
-0.189652677536273,0.0420351627768588,1
-0.224407812398362,0.0139253784519789,1
0.197891397017143,0.00157272867532422,1
0.231220075182914,0.0323315064064085,1
-0.192709957028449,0.0477642771589656,1
-0.227684336053634,-0.0137536784513769,1
0.194452878680114,-0.0171404252052398,1
0.227693648754499,0.0165415331549385,1
-0.196240236790244,0.0243161304815182,1
-0.231136652166296,-0.0375680683524703,1
0.191158580397837,-0.0313756044991283,1
0.224640852585528,-0.0241396817756411,1
-0.198974204189938,-0.0237718730580225,1
-0.233497727702986,-0.0311471961222046,1
0.1892319220335,-0.0525155655057775,1
0.223185509158165,-0.0272058599363118,1
-0.199911002412496,-0.00507561488501037,1
-0.233952139398079,-0.0339499273180629,1
0.189313752023364,-0.0786369573366234,1
0.223795918099285,0.00487304924866162,1
-0.19876789457366,-0.00326414262354021,1
-0.232296954260802,-0.0501740472729367,1
0.191445420909174,-0.0231549398465956,1
0.226306852802014,0.00629554328675058,1
-0.195914041596555,0.0306577029170406,1
-0.229194325809033,-0.0355128195178005,1
0.194762725464177,-0.0404807561617506,1
0.229694891914148,0.0658146133538386,1
-0.192508002393802,0.0626868213443315,1
-0.225845588735449,-0.0378574659003124,1
0.197973743850937,0.00243794545035716,1
0.232702797196961,0.0134079644724859,1
-0.189788322981186,0.0559726850810806,1
-0.223498948545202,0.0195134999909069,1
0.199862262313422,0.00728027819353812,1
0.234120809634595,0.0292160719904064,1
-0.188895156788914,0.0804124552978056,1
-0.22313392850861,-0.00502311011718753,1
0.199658419094129,0.0057094396471356,1
0.233401562136327,0.0723355787805337,1
-0.190162186225973,0.0699587962724044,1
-0.224894185915257,-0.0217239380849636,1
0.197411823322767,0.0309009320483181,1
0.230724054028916,0.0408657011752868,1
-0.193241824084973,0.0145674462420726,1
-0.228252006578025,-0.0339056309658547,1
0.193835243603841,-0.0444126110897163,1
0.22702283327248,0.0184314563401946,1
-0.196961321386053,0.0473095654724594,1
-0.231925882812885,-0.0151115976111659,1
0.190321849091414,-0.0422769716506404,1
0.223762485157552,-0.00436545124481345,1
-0.199900791913326,-0.0270281648174564,1
-0.23445558971213,-0.0480737665967347,1
0.188250527225672,-0.053182044007198,1
0.222189359453355,0.0310046421200041,1
-0.200908746716125,0.0103693548744475,1
-0.234907395761753,-0.0779147001326033,1
0.188391628967388,-0.0640483379588635,1
0.222888060063043,-0.00231144139224217,1
-0.199648223461325,0.00176530147720298,1
-0.233151681371113,-0.0877301637592604,1
0.190642762864628,-0.0475688485672778,1
0.225510004252659,0.0677266519607719,1
-0.196679815493156,0.0320686457300157,1
-0.22992224404102,-0.0375940983276106,1
0.194080798737726,0.0183824751864507,1
0.229029944933946,0.0345234698292207,1
-0.193143308143487,0.0265716745269327,1
-0.226462561670643,-0.0150784800569033,1
0.197340601173191,-0.0544428155426633,1
0.23207474500042,0.0736440477504481,1
-0.190443519812752,0.0591454350187622,1
-0.224186849310412,0.00908422508805392,1
0.199124655433429,0.036902064249135,1
0.233346706632444,0.0882175072717416,1
-0.189716126414506,0.071403870489515,1
-0.224008655472263,-0.013488121177698,1
0.198724684207686,0.0381124571596392,1
0.232431408920312,0.0544234550174244,1
-0.191173983819259,0.0342888916826266,1
-0.225948454490509,-0.0131062694017323,1
0.196329135900551,-0.00283870069018336,1
0.22964128910287,0.0101239179400883,1
-0.19429468041518,0.0572395682301217,1
-0.229281877712719,-0.00147361309269438,1
0.192856643972642,-0.0219730005027432,1
0.226109427199182,0.000664102110444039,1
-0.197809931002203,0.043345380253728,1
-0.232669837790048,-0.0224653359070318,1
0.189665284877358,-0.0514917007624318,1
0.223190232699091,-0.0138563440779437,1
-0.20038077967351,-0.00857743855335073,1
-0.234857304996356,-0.103855357617298,1
0.187929691535642,-0.0169394494664103,1
0.22195476679712,-0.0157407063485098,1
-0.20107560332458,-0.0138773051181445,1
-0.235009372692414,-0.0716942449311622,1
0.188346920249765,-0.051290822649693,1
0.222918181066388,-0.0270085720827888,1
-0.199538665888705,0.0206215418728014,1
-0.232983225176209,-0.0610044257710839,1
0.190863911280009,-0.0463898512781399,1
0.225838706403554,0.00335160240783684,1
-0.196275343763906,-0.0224883820300199,1
-0.229463806638167,-0.0393964584484564,1
0.194548369261415,0.00303621866458112,1
0.22957137916488,0.0525192349297644,1
-0.192586114776374,0.0199606878295061,1
-0.225903383746657,-0.0101029752030586,1
0.197932304201171,-0.0133985589981401,1
0.232652853014212,0.0715985227446821,1
-0.189841903109419,0.048205019499632,1
-0.223557600384902,0.0023690283748686,1
0.199791265402302,0.00392178416545413,1
0.23403785977151,0.0620157156537677,1
-0.189001735497173,0.00324329949945079,1
-0.223262980252674,-0.0101941463482385,1
0.199520966891459,0.0448053933976315,1
0.233221449281825,0.0993334810446031,1
-0.190354490263446,0.0444365095160259,1
-0.225084886247085,0.0119065339959622,1
0.197234151121578,-0.0124465328067716,1
0.230579241863206,0.0500449781910901,1
-0.193345769138775,-0.00149211930719698,1
-0.228314348171684,-0.038607792046466,1
0.193825347168126,-0.0240716499858633,1
0.227063246209603,0.0120601602152472,1
-0.196893995180513,-0.0324515795454502,1
-0.231770284898304,-0.0388560845462245,1
0.190547783590572,-0.0407934089045783,1
0.22406701037663,-0.0118181218512003,1
-0.199491150027492,-0.0264522088115486,1
-0.233963223266639,-0.0485387698560759,1
0.188840393464271,-0.0205737566875053,1
0.222888899321668,-0.0107390685453737,1
-0.200099694731958,0.0374647429039846,1
-0.234013923861544,-0.0436431244599922,1
0.189365531487497,-0.0827021229175997,1
0.223944709985681,0.000145258785298072,1
-0.198509627511928,0.0134472457094016,1
-0.231954337518195,-0.116881017756651,1
0.191916506963313,-0.0298084244854669,1
0.226859290572081,0.00710551778999907,1
-0.195256625989504,-0.00582131391128958,1
-0.228445682165953,-0.0451950292836364,1
0.195571106813324,-0.0814056590672214,1
0.230564225408131,0.0288641932531355,1
-0.191619419687126,0.0434119022697904,1
-0.224979201607234,-0.0800641989414601,1
0.19876154204201,-0.046447247944366,1
0.23343091658794,0.0313569210039157,1
-0.189161482704211,0.0643494832794047,1
-0.222984706577156,-0.0299618186290199,1
0.200261947867019,0.0159933351189073,1
0.23439168877191,0.0474103538158009,1
-0.188765972324127,0.0571523443916501,1
-0.22313848956208,0.030753220995198,1
0.199504485699058,0.0105622747092091,1
0.233100844299468,0.102834354034645,1
-0.190595301032148,0.0786785751061446,1
-0.225446499761754,0.00731361322075092,1
0.196768353325025,-0.00760232773511326,1
0.23001658848873,0.049702477323968,1
-0.193977477263718,0.00973723834750856,1
-0.229028045616666,-0.0133446316255444,1
0.193059683438522,-0.000398295155452082,1
0.226272991389571,0.0329688352326533,1
-0.197663480426592,-0.0113274134518483,1
-0.232573435027502,-0.0255205019497185,1
0.189744914710682,-0.0635482982967422,1
0.223264667587807,-0.0090314009242832,1
-0.200306460389186,0.0156826120552497,1
-0.234764582287016,-0.0607185376476538,1
0.188060941633551,-0.0338330383455131,1
0.222104981548352,-0.0210446978444574,1
-0.200881846813998,-0.017748138674773,1
-0.234767086248355,-0.0361589166759365,1
0.188635761892907,-0.0239329649681788,1
0.223234056331432,0.00562931030899997,1
-0.199215007038584,-0.0380520847247497,1
-0.232640795524,-0.0204130615040138,1
0.191199293824387,-0.0430599489803849,1
0.226148313027669,0.0177280442533703,1
-0.195989381612432,0.0136910994887904,1
-0.229196740685336,-0.0280314363023978,1
0.194826414748082,-0.0345570681008554,1
0.229825611640197,0.0123050592837542,1
-0.19231605754602,-0.00144299996436033,1
-0.225599848998406,-0.0115194560283532,1
0.198266314097932,-0.0219987634050508,1
0.23303868992204,0.0213282220203851,1
-0.189416583098908,0.0266676509291151,1
-0.223098336384894,0.0154439328789792,1
0.200272643202991,0.0282402131719379,1
0.234554971427303,0.103897949329717,1
-0.188458898313758,0.0965801989670625,1
-0.222694002810035,0.0244690394895538,1
0.200103813327627,0.0251871807480792,1
0.233849028478757,0.070648543924959,1
-0.189716109717892,0.0526551746496751,1
-0.224398636722953,-0.0357530583741644,1
0.197952257867397,0.041434790590081,1
0.231326005450457,0.02581692418292,1
-0.192546876672331,0.0347490422345743,1
-0.227477856028606,-0.0318917080552631,1
0.194735147470052,-0.0634024900480974,1
0.228078938937503,0.0160712339678831,1
-0.195727097139941,0.0419060774425201,1
-0.230492751912484,-0.0521461075677148,1
0.19196368907249,-0.0431242486630057,1
0.225597893373732,0.00432388070799625,1
-0.197837562029456,0.0225516589973785,1
-0.232187772963688,-0.0421654483181305,1
0.19072338754552,-0.034560370553802,1
0.224855600442879,-0.00128249152065374,1
-0.198065279158975,0.0032386444304813,1
-0.231954883425208,-0.0836619498922916,1
0.191453574218071,-0.0657979821408921,1
0.226062443062358,-0.00650337961355579,1
-0.196377609892033,0.00576810414694195,1
-0.229825635146617,-0.0168178292830115,1
0.194004829214781,-0.0447317685439586,1
0.228926017787176,0.0350890140951695,1
-0.19325194069419,-0.0182119321923089,1
-0.226517414453019,-0.0309968314813323,1
0.197400820768079,-0.0109657887707898,1
0.232315068346396,0.0322683446102429,1
-0.189953844739577,8.36236761281757e-05,1
-0.223385172315608,-0.0365248927588333,1
0.200297296070856,-0.00891008882395159,1
0.234932766102802,-0.0251447365029429,1
-0.187682482678859,0.0443119362152859,1
-0.221518841663251,0.0489514863542527,1
0.201699993176358,0.0362823207607104,1
0.235832311067859,0.0590183764653923,1
-0.18734553712405,0.0169993741864966,1
-0.221739160394076,-0.0216543433328902,1
0.200870561717671,0.0281455492121034,1
0.23442745706779,0.0621344007150321,1
-0.189311848402352,0.0507608047234997,1
-0.224231155586139,0.017629279826057,1
0.197927733982102,0.00277611459637711,1
0.231122100416218,0.0558992110103895,1
-0.192945395272211,0.0348963465274111,1
-0.228035976741798,-0.0451863646430213,1
0.193996691188603,0.0141143055242982,1
0.227140611234394,0.0523321302582967,1
-0.196861341734597,0.0569626309850117,1
-0.231822662216104,-0.0159515543334439,1
0.190425877004187,-0.0687495206908602,1
0.223864327084014,0.0174181297364745,1
-0.199790678292336,-0.00990586605620581,1
-0.234360195493525,-0.0176590533750297,1
0.188348293959112,-0.0461549387323567,1
0.222289045904117,-0.013872045471472,1
-0.200804829900302,-0.0353661978390917,1
-0.234785469932592,-0.0789373530739081,1
0.188525482055647,-0.0636932254275312,1
0.223049058830853,0.000908643752680714,1
-0.199474182041847,-0.0707849064611307,1
-0.232970286909233,-0.0619025452983433,1
0.190820087065579,-0.0307849404818287,1
0.225693241289038,-0.0101387175051904,1
-0.196498748164561,-0.0189211832475065,1
-0.229753002181561,0.00388699274262158,1
0.194214480678794,-0.0529903950149971,1
0.229183424319197,0.0425001918960211,1
-0.19302613511478,0.0408017313897477,1
-0.226360519446365,-0.0560124068900442,1
0.197436695303902,0.00131297028478682,1
0.232146721802559,0.0751009427168681,1
-0.190386297315227,0.0481994227440942,1
-0.224153874803566,-0.00425808167348119,1
0.199137824525711,0.0207811358328935,1
0.233310597801883,0.0675555700157156,1
-0.189793603163123,0.0357670071417527,1
-0.224136000459218,-0.0245420291017525,1
0.198566380549376,0.00737826191502157,1
0.232205751368727,0.0618769368824382,1
-0.191440087727736,0.0647569435891656,1
-0.22625100368058,-0.00937042798361451,1
0.195996185980673,-0.0192416426729876,1
0.229261523869491,0.0437924082457668,1
-0.194741072603322,0.0270773443505196,1
-0.229809825767614,-0.0444141064795207,1
0.192244623536597,-0.0451669402351289,1
0.225418531453329,0.0378385378537249,1
-0.198583501499537,0.0158999762385675,1
-0.23352082312168,-0.0511978798074385,1
0.188739881413907,-0.0491984590155014,1
0.22219762918029,-0.0338987302785009,1
-0.201448808678983,-0.016823789006453,1
-0.235957575360366,-0.10789789256137,1
0.186785697792859,-0.0469123644848612,1
0.220770831592435,-0.00509606160980604,1
-0.202280475894451,0.00314329376565639,1
-0.23622763605844,-0.0893676344206486,1
0.187127641238046,-0.050918224830566,1
0.221698310981915,-0.00570570877971471,1
-0.200757666672689,0.00730155252150251,1
-0.234199568697668,-0.0489482946596298,1
0.189631749263534,0.00589664331058325,1
0.224608156015087,0.0385418212096385,1
-0.197521637597466,0.0426302532345154,1
-0.230726418646513,-0.0539079154020026,1
0.193271490067355,-0.00782471534909338,1
0.228299129617997,0.0534678329609243,1
-0.193860887614923,0.00963051028245327,1
-0.227174634900939,0.00215473866013463,1
0.196634227198905,0.00716432153092884,1
0.23137266031857,0.0304477863218864,1
-0.191135661439712,0.0285643340381125,1
-0.22487144688553,-0.0227675137811832,1
0.198435252269591,-0.00573089990688284,1
0.232678499564052,0.0308092531873506,1
-0.190384015574485,0.0299514662855298,1
-0.224679300032034,-0.00454883631837701,1
0.198064902674472,0.0154483725673511,1
0.231761534851174,0.0540946733498101,1
-0.19182899894102,0.0271881236130272,1
-0.226572059987785,-0.0118776287376733,1
0.195746158793322,-0.0255628583031435,1
0.229085354006237,0.0713682581908069,1
-0.194854680379595,0.0492153892087796,1
-0.229834820121902,-0.0117423682270008,1
0.192295925191,-0.0306039481114673,1
0.225538918570638,0.0735075648634473,1
-0.198386735843189,0.0526988317937699,1
-0.233252354520389,-0.00942033150754934,1
0.189083207151358,-0.0504778146461332,1
0.222615443533336,0.0216610741010657,1
-0.20094712402672,0.0194423349358599,1
-0.235398538985247,-0.0639642527537258,1
0.187411213909618,-0.0500122253218626,1
0.221460560386615,0.0217976866589413,1
-0.201548875380713,-0.00011603259342831,1
-0.235452001997938,-0.0716064701773135,1
0.187928922403216,-0.0709354580495413,1
0.222527340603107,0.016893600968871,1
-0.199902443685676,-0.00261566130196886,1
-0.233313293505356,-0.00850148226890797,1
0.190590169674989,-0.0850603517184047,1
0.225580397631451,-0.00984846655054751,1
-0.196484098943316,-0.0273369947888607,1
-0.229605457300741,-0.0558917562448989,1
0.194501685647013,-0.0434406742640917,1
0.229583187442927,0.00905922284599638,1
-0.1925017682333,0.0178557792267799,1
-0.225758313427743,-0.0338499323650063,1
0.198099803311797,0.00345760299835206,1
0.232853159662128,0.0150021380219146,1
-0.189648551986099,0.0525888616763127,1
-0.223390069640087,0.0229637486712846,1
0.199896820908486,-0.00261041358413085,1
0.234077141927222,0.0494953647512647,1
-0.189045490124815,0.0670320161914179,1
-0.223419686953242,-0.00392034239804081,1
0.199263105611835,0.0205120163634631,1
0.232870499972642,0.0653475924102847,1
-0.190788503029115,0.0540987698552598,1
-0.225607390453041,0.0174569417172507,1
0.196640185513754,-0.028682149895245,1
0.229914174636059,0.0614947899791064,1
-0.194067228132738,-0.000361989930888484,1
-0.22910082910417,0.00548466521426864,1
0.19299088184484,-0.0165911666610098,1
0.226203485847068,0.0553536776923724,1
-0.197747074089026,0.0345639539369913,1
-0.232607952418888,-0.029360439108903,1
0.189736745102377,-0.0485853822453741,1
0.223285132696869,-0.000834876611079659,1
-0.200254974230898,-0.0121680752082154,1
-0.234682471847052,-0.0491596548083862,1
0.188161415062658,-0.0560078444808219,1
0.222237277062447,-0.0040999950287832,1
-0.200721940575617,0.0191176436887878,1
-0.234586125316194,-0.0730960112947761,1
0.188847067685356,-0.0359662082353954,1
0.223476326118242,0.0235878598609889,1
-0.198933460536507,-0.0242347805027764,1
-0.232317681148094,-0.0759581019391432,1
0.191576811739177,-0.0955284708870474,1
0.226577134104311,-0.0293473821221574,1
-0.195503148294533,0.00721366387684685,1
-0.228645942428618,-0.0394329028949384,1
0.195438823068189,-0.0301616585483142,1
0.230505513243359,-8.04488102371312e-05,1
-0.191574321733522,0.0387201494617926,1
-0.22480273034759,-0.0478390862201288,1
0.199110883284056,-0.00676738244089021,1
0.233920414140089,0.0164452175638128,1
-0.188500943835211,0.0336034728542557,1
-0.222151249947154,-0.0301883712412601,1
0.201238788664487,0.0122358095477411,1
0.235524386340624,0.0453127346877364,1
-0.187490809750132,0.0439216581376982,1
-0.221753467088257,0.00782375585983486,1
0.201014830348488,-0.0343767970522426,1
0.234719639751919,0.0807656860842839,1
-0.18888738915174,0.0237629737675634,1
-0.223642174661264,0.0179827193243952,1
0.198641272857514,-0.00812097558308375,1
0.231945036160856,0.0299497783284355,1
-0.192032336478492,0.0192645458048181,1
-0.227029671207448,-0.0507705512897894,1
0.195083325492314,-0.0198351927259421,1
0.228310231954464,0.023281433491667,1
-0.195611566500114,-0.00563677538873028,1
-0.230516064740296,-0.0347675102617265,1
0.191815206761518,-0.0060398790840658,1
0.225353423958842,-0.0162972278044354,1
-0.19818417538648,0.0196273946857422,1
-0.23262249961334,-0.0365668423633441,1
0.190200132393241,-0.0718824136183905,1
0.224246128543838,0.00298604337849093,1
-0.198756243917115,-0.0733446566213289,1
-0.232722095924465,-0.0449625922423582,1
0.190604506378637,-0.0459257098899834,1
0.225122944711951,0.00986063199831113,1
-0.197412618972697,0.0536806564367633,1
-0.230941398017411,-0.0156740167563202,1
0.192802930485395,-0.0655895349813014,1
0.227635087431429,0.0288550312149808,1
-0.194614355275198,0.00246608281698075,1
-0.227934570297454,-0.0700886052623012,1
0.19596431852914,0.00732488538363038,1
0.230854643289783,0.0341594368075282,1
-0.191418310631751,0.0412347272569285,1
-0.22485463498147,-0.0113960609793199,1
0.198837049113993,0.00307382954940616,1
0.233426828545181,0.0886490550558994,1
-0.189215781677879,0.0656438778772497,1
-0.223080705615583,0.00958891372660949,1
0.200119746365599,-0.00369295463734855,1
0.234224593800759,0.0440045457553776,1
-0.188953394716954,0.0634599777952283,1
-0.223359105977928,-0.028751819369617,1
0.199288353332587,0.00379819983661952,1
0.232859910706099,0.032003108434197,1
-0.190846955418579,0.0604172405424125,1
-0.225692408102758,0.0370892750277396,1
0.196505163467387,0.022332093686956,1
0.229724582235607,0.041011844821759,1
-0.194301443387486,0.0279327120926018,1
-0.229411054282804,-0.00580926794994171,1
0.192621170347066,-0.0591209721671509,1
0.225774425301482,0.0492376729505858,1
-0.198248794272392,0.015419540129341,1
-0.233197170973885,-0.0483493203278807,1
0.18905981182942,-0.0201517547010396,1
0.222526223861573,-0.0295891223365112,1
-0.201083048193876,-0.00600362097783055,1
-0.235557579641995,-0.0448263005418497,1
0.187250104048041,-0.0489361873197257,1
0.221310684030643,0.000956131376009969,1
-0.201652434898215,-0.0177055238350131,1
-0.235537021373987,-0.0676466000974058,1
0.187896019199496,-0.0630023979786619,1
0.222538574831959,-0.0243577972534957,1
-0.199848696606799,-0.000367626660790578,1
-0.233209984307998,-0.0147880792752932,1
0.190698183109006,-0.0360578128336426,1
0.225711200574764,0.053593538447762,1
-0.1963638752512,0.0313941434787177,1
-0.229507011615976,-0.0112817956416371,1
0.194581075673751,0.0120537073654144,1
0.22964863663814,0.0135323945046433,1
-0.192435661988414,0.0558748988209589,1
-0.225676827606627,0.0285740054760324,1
0.198205291924541,0.0127276979722601,1
0.232984312201428,-0.0223909108941445,1
-0.189493069158315,0.0334022488442164,1
-0.223215860912549,0.0261705540941199,1
0.200101701483827,0.0294714502183749,1
0.234316352767475,0.0786453746896685,1
-0.188776794132304,0.0228039663755215,1
-0.223097861701384,-0.0162785161793976,1
0.199594203234735,-0.0212948169204907,1
0.233244132649862,0.0592021834723067,1
-0.190405364719716,0.0157258175866881,1
-0.225214837680527,0.0280038011672387,1
0.197051959602312,0.0365145431798883,1
0.230337668257615,0.0280435015331988,1
-0.193610221311979,0.0252951365096287,1
-0.228611927762288,-0.0441002383457389,1
0.193515252470147,-0.0212162222540261,1
0.226750082231216,0.0441726775745558,1
-0.197193054890464,0.0255555471004133,1
-0.232076717028496,-0.0551338813013161,1
0.190226491081014,-0.0668505754220879,1
0.223710545501878,-0.00859161288491968,1
-0.199904442490042,0.00865084974643692,1
-0.234415218091745,-0.0416498754709864,1
0.188318860810249,-0.053170353588861,1
0.222280202038447,-0.0119980229314987,1
-0.200814736499057,-0.0514794304437473,1
-0.234820525738273,-0.0757238691238529,1
0.188464400349996,-0.0825114725459054,1
0.222956994114373,-0.0101592977805142,1
-0.199568124491222,-0.0264390336117389,1
-0.233070223358261,-0.0216074613767395,1
0.191988694522485,-0.0575435190211385,1
0.163958138844705,-0.022658144564158,1
0.0226132290465127,0.0276865606700844,1
0.00384240297848105,0.0146159291041325,1
0.00542681703109463,0.0561286737286477,1
0.00699465968787476,-0.0199617765544311,1
0.00795510626104166,0.0188076329255828,1
0.00868439941110522,0.0705981690395971,1
0.00922728034310883,0.0789636263344615,1
0.00957839958203093,0.0658586633832003,1
0.009739250415642,0.0533376102840568,1
0.00971001974493412,-0.00199102006038129,1
0.00949597120228796,0.0345674118129612,1
0.00910639508147471,0.0383236813867828,1
0.00855644820597693,0.0605493672946818,1
0.00785746954932995,0.00764663065235615,1
0.00702235850870097,0.0399113610337463,1
0.00607000871767588,0.0662893881837655,1
0.00501766829241371,0.0280522924384733,1
0.00388869382272915,0.0671642320972509,1
0.00271073020961198,0.0149035055622669,1
0.00150930392008759,0.0196401749224296,1
0.000307320488046077,0.00976177947397038,1
-0.000875687443861563,0.0238459812296616,1
-0.00202908581766977,-0.00406024292384993,1
-0.00313959895465681,-0.00919543608041606,1
-0.00418667898260038,0.00306157896557799,1
-0.00514523003677467,-0.00233620162628771,1
-0.00599577505838874,-0.0230628563871532,1
-0.00672050865290353,-0.0138291856395123,1
-0.00730436749061728,-0.0241549581121967,1
-0.00773599678237685,-0.000611239532063854,1
-0.00800948655501554,-0.0263206727641479,1
-0.00812252598742916,-0.018046541509941,1
-0.00807185405145909,-0.0290414975264862,1
-0.00785450155949807,-0.0316665557133732,1
-0.00747154005304346,0.00371805268124567,1
-0.00693142531830585,-0.0593168131684876,1
-0.00624443037405169,-0.0297121376728906,1
-0.00542619758364686,0.000141910929600336,1
-0.00449643309209475,0.0332405760202149,1
-0.00347235259112948,-0.028427242244996,1
-0.00238212185974891,-0.00597499159212557,1
-0.00125566704939603,-0.00259590285509291,1
-0.000117423934429704,-0.0148586425927773,1
0.00100945672481181,-0.00609401408939263,1
0.00209870865618379,-0.006251851344157,1
0.00312450436035549,0.039923128388063,1
0.00406279628759959,0.0236864497936771,1
0.00488870491326394,0.00239061765151198,1
0.00558074954054268,0.034465465615468,1
0.00612576935981522,0.0299465003766866,1
0.00651311509425854,0.0371300166498123,1
0.00673411712553598,0.0266025061221319,1
0.00678353380998747,0.00815764436674959,1
0.00666252470163236,0.00655957579690964,1
0.00637914413576236,0.0232917889071974,1
0.00595388042274015,0.00292358747141176,1
0.00540522513811704,0.0115403666322628,1
0.00474941261239343,0.023090976576813,1
0.00400798767626198,-0.0146506822726344,1
0.00320028729265266,0.0334854078495341,1
0.00234364035208253,0.0226662669398088,1
0.00145703764682361,0.00887224071628165,1
0.000561295000914407,-0.0220179950808175,1
-0.000319718590153099,-0.0114665736608647,1
-0.00116534582871887,0.0287141397007773,1
-0.0019548329309271,-0.0197474893212981,1
-0.00266586521875248,0.0171426831880092,1
-0.00327888043966845,-0.00699782957417833,1
-0.0037740325175343,-0.012048432986878,1
-0.00413712695775135,-0.0318905503722446,1
-0.00436305634271714,-0.02443635709407,1
-0.00445038396464282,-0.0604018225571738,1
-0.00440349153344814,-0.0425853914676958,1
-0.00422663244713705,0.0077245258146584,1
-0.0039223908170353,-0.0750701651735111,1
-0.00349601195450468,-0.0526880138091789,1
-0.002961223736816,-0.0253159230669644,1
-0.00233163030068496,-0.00338515413956736,1
-0.00162088520648205,-0.00899674569573517,1
-0.000842465738988464,-0.0451626579042072,1
-1.13860889243294e-05,-0.0232963085990602,1
0.000851814752521412,0.0211498295489072,1
0.00172149597099149,0.0399473226936991,1
0.00257300467920468,0.00676381360852331,1
0.00337828141653834,0.0191325288624955,1
0.004113335481796,0.0259887504229189,1
0.0047653853784894,0.0235459889626145,1
0.00531726498647658,-0.00540943095209084,1
0.00575338639990541,-0.0184186241195357,1
0.00606417787562616,0.0305307878341638,1
0.00624352677679822,0.0206866058686908,1
0.0062887148498404,0.0243302315252532,1
0.00620187061052148,0.0432187333131224,1
0.0059909289830986,0.041709870879443,1
0.00565903625927028,-0.0054639507382019,1
0.00521530877288699,0.0188540645891133,1
0.00467582981615888,0.0170860444826458,1
0.00405091589790997,0.0347824684552846,1
0.00335244139620797,0.021871122224788,1
0.00259963117948879,0.0134830323316325,1
0.00181376480518848,0.00957744848594034,1
0.00100720949546645,0.00488696943027935,1
0.000196029108065474,0.0109179370156591,1
-0.000610080222470455,0.0126061300781303,1
-0.00140287489478649,0.0238931066856649,1
-0.0021678608007543,-0.00887020060484586,1
-0.00288904515125518,0.0249641054794983,1
-0.00354608306134945,0.0039924653299698,1
-0.00411425956921105,-0.0305758779764238,1
-0.00458002555213969,-0.0246352900600767,1
-0.00493049635572041,0.0082985492897961,1
-0.00515163217335887,-0.0534245673884678,1
-0.00523376497102945,0.00992231028136725,1
-0.0051749159916592,-0.0727545408392185,1
-0.00497478067059246,-0.0216930444444988,1
-0.00463212026166173,-0.0373277584883653,1
-0.00415291060234157,-0.0325142856248431,1
-0.00355327039890201,-0.024547284246605,1
-0.00285462006248432,-0.0371863720663101,1
-0.00208231611819925,-0.0127431740608619,1
-0.00125804567917409,0.0353681198639465,1
-0.000403104421609366,0.0117789406597756,1
0.000456764337164931,-0.0527491705499503,1
0.00129689560677923,-0.038122965337132,1
0.00209511045197006,-0.0125022131739258,1
0.00283753089344556,-0.0269042260994075,1
0.00351065332362354,0.033517135593306,1
0.00409642236446521,-0.020011272875835,1
0.00458098741087169,0.0476179666555598,1
0.00495163504964159,0.0224691536142105,1
0.00519731833365211,0.0212286285949204,1
0.00530937874598788,0.0124080742264406,1
0.00528628073984546,0.0156759748888849,1
0.00513174537491376,0.0423345009039593,1
0.00484804908934045,0.0170474968800718,1
0.00443821964362841,0.0296917057835003,1
0.00391301298556398,0.0509284525295752,1
0.00328372283964041,0.0401215720510192,1
0.00256064120406935,0.0291380844529521,1
0.00175409739959231,-0.0181710180694229,1
0.000878107366369866,0.00228758667561042,1
-5.04748398483411e-05,0.000911676513085815,1
-0.00101190894793129,0.0354307836605656,1
-0.00197954913233251,-0.0264970025091658,1
-0.0029245956101096,0.0166815331905037,1
-0.00381531905401004,-0.0276216034564005,1
-0.00462147537649657,-0.00245061790122651,1
-0.00532291268223494,-0.0158079606014914,1
-0.00590200728421791,0.00322283965172759,1
-0.00634430458968155,-0.0134078272720818,1
-0.00663961478602969,-0.0596480386821155,1
-0.00678046296638732,-0.041388339805572,1
-0.00676744819480207,-0.0459142282475357,1
-0.00660930698068012,-0.0226738919498128,1
-0.00631545839881084,-0.0045703986805832,1
-0.00590321720020758,-0.0506727318532755,1
-0.0053905808734042,-0.0296395671651045,1
-0.00478994056034664,-0.0254126044436797,1
-0.00411695342707569,-0.0202457196209669,1
-0.00338553143634038,-0.0157081541367562,1
-0.00261277558572973,-0.0410145168743571,1
-0.00181604633187987,-0.0112075891554291,1
-0.00101245052392718,0.00203609339342057,1
-0.000217530658618418,-0.0162388956256539,1
0.000549748385162791,-0.0502502033400265,1
0.00127110199397555,0.0339356605428082,1
0.00192904330918925,0.00103673460249174,1
0.00250544788073617,0.0588768750209958,1
0.00298530100472335,-0.00334213043442924,1
0.00335332164613441,0.00190476274604966,1
0.00360180156634269,-0.0227675559838921,1
0.00372048598020457,0.0329787240545183,1
0.00370099571248249,0.00851194019615396,1
0.00354285555258645,0.0526515390268868,1
0.00325299182376119,0.0455913993023486,1
0.00283682331695219,0.0352426186201653,1
0.00229806714214407,0.0474229211868859,1
0.00164737332067069,0.016859873299449,1
0.000902441655116614,-0.0224690325672428,1
8.19520548507198e-05,0.038471760944333,1
-0.00079381981423064,0.0433355388783692,1
-0.00170196350623875,0.00942762412848533,1
-0.00262045684232262,0.0219534689270474,1
-0.00352466643304484,-0.0149799240847793,1
-0.00438454876515217,0.0139307785093006,1
-0.00517607825009692,-0.0167875436162207,1
-0.00588376117869274,-0.0324421058939728,1
-0.00649456038539933,-0.0121795553894991,1
-0.00699393800976444,-0.0320140507591685,1
-0.00736633183723505,-0.00539038561152922,1
-0.00759711685095724,-0.00747423213285296,1
-0.00767594551873488,-0.0119049439075791,1
-0.00760163817805258,-0.0136294422833805,1
-0.00738072919470577,0.0233890090669862,1
-0.00702673562643601,0.00435239744317186,1
-0.00655193954971521,-0.0112239459378298,1
-0.00597072666259683,-0.0671358626505404,1
-0.00529480505195496,0.0342601092555255,1
-0.00453352215848304,-0.0461358063061984,1
-0.0037008938309691,-0.00437089736933919,1
-0.00281641311855615,-0.0552862362794541,1
-0.00189582151756138,-0.0584122495951053,1
-0.000958819835655731,0.0194319425361343,1
-2.65092957640097e-05,0.00276237291777264,1
0.000876507149982999,-0.0278787143084815,1
0.0017270639549428,0.0336115606967031,1
0.00250513107313921,0.00735131574086415,1
0.00319890206506324,0.0144314539336814,1
0.00380048436090677,0.0203797771023333,1
0.00429756567368056,0.0184666422186424,1
0.00467178201322426,0.024769927078971,1
0.00490435166401588,0.0452790774262228,1
0.00498566492010465,0.0277683588196222,1
0.00491451654367697,0.0532157961843,1
0.00469607119948565,0.0583017312894681,1
0.00433740795577853,-0.00471633916218516,1
0.00385293553962667,-0.0076578821817701,1
0.00325779257019079,0.0187232643778138,1
0.00257108867166081,0.00774880415401844,1
0.00181124858168645,0.0196132202729241,1
0.000996940605528693,0.0192711156211707,1
0.000149477100050211,-0.00176733560951887,1
-0.000711083524109514,0.0161462113943744,1
-0.00156659396387173,0.0162450494257849,1
-0.0023938539332126,-0.0350295999052561,1
-0.00316755100940285,-0.0634492638325861,1
-0.00386686082370861,-0.0378770729284702,1
-0.00446848321885265,-0.0351828122080309,1
-0.00495444800803262,-0.0183715920808308,1
-0.00531127155866108,-0.0164464724703179,1
-0.00553288983128538,-0.0223280617289856,1
-0.00562229042953657,-0.0713310848224274,1
-0.0055800474530917,-0.0216014486891258,1
-0.00540471846089301,-0.0561458653427718,1
-0.00509487636295698,-0.0178218537274719,1
-0.0046567518540733,0.000476989369112061,1
-0.00410007724177708,-0.0577699992442766,1
-0.00343549485959769,0.0381463997231764,1
-0.00268133181250836,-0.0402411094189572,1
-0.0018576497800887,-0.0226753867925004,1
-0.000986745071998566,-0.0169729534963523,1
-9.09620269024462e-05,-0.00439777892305698,1
0.000804207044202543,0.0356298988859513,1
0.00167348615030744,-0.00811725980328023,1
0.00249698443580787,0.0151536077068621,1
0.00325639144246211,0.0185844921803772,1
0.0039295395034777,0.0163582489302295,1
0.00449147066437428,0.0158218274662821,1
0.00492509922488277,0.0444199706777509,1
0.00522252736310592,0.0269573964871999,1
0.00537986115955711,0.0141432229231375,1
0.00539733490680071,0.0391314607539505,1
0.00527557569230847,0.0136365845786294,1
0.00501380450964483,0.0655753385423986,1
0.00461417728095104,0.046194749183214,1
0.0040853791836589,0.0181485204750004,1
0.00343787779251484,0.0331404418430888,1
0.00269179022916602,0.0469393043490898,1
0.00186803869647318,0.0487242855189725,1
0.000983206405145152,0.0432650585309978,1
6.35579826795815e-05,0.0473001096424054,1
-0.000868053493384441,-0.00931189022366344,1
-0.00179632579056105,-0.00262163681841115,1
-0.00270432819895492,0.0107590158214225,1
-0.0035730069073635,0.0143729457042187,1
-0.00438411491303507,-0.0252409490507329,1
-0.00511678962852166,-0.0419134458844424,1
-0.00575061925031836,-0.0440082277264495,1
-0.00626701073823178,-0.0115880753703125,1
-0.00665257237498742,-0.0112756322189698,1
-0.00690027522229907,-0.0650191731965143,1
-0.00700379394028885,-0.0154495111650081,1
-0.00696013267117326,-0.0298655256225779,1
-0.0067698034508399,0.00893840870925514,1
-0.00643678971476931,-0.0431225699084553,1
-0.00596726199295991,-0.0862349380710434,1
-0.00536906045759505,-0.0573623493356543,1
-0.00465700003003554,-0.0588150905303404,1
-0.00384500069335069,-0.0739526121576668,1
-0.00294867315386948,-0.0486494086009658,1
-0.00198873502680156,0.000123273929495933,1
-0.000991343505563179,-0.0624712555196618,1
1.63058390574048e-05,-0.0206354667176253,1
0.00100676187490598,-0.00969034818636614,1
0.00195108819563594,0.0239265714264799,1
0.00282470059844642,0.0299526879357453,1
0.0036089195347476,0.0248145480995895,1
0.00428692773057089,0.0263645254803602,1
0.00484399181279847,0.00939580166042622,1
0.00526917695985217,0.0348814358317834,1
0.00555245819560417,0.025445242684457,1
0.00568204359824,0.0310798243160211,1
0.0056600279519569,0.0262211193802916,1
0.00549254044019796,0.0183885170574601,1
0.00517983832278348,0.0199690169147178,1
0.00472805394169757,0.0554613337962175,1
0.00414945803010682,0.030894276197083,1
0.00346108743815599,-0.0302675462001519,1
0.00268709994333795,0.0491472865077019,1
0.001848855706743,0.0375439197912454,1
0.000964034343300858,0.0264794338137466,1
5.30617897618428e-05,0.0217973689063582,1
-0.000863786944792121,-0.00201416247524835,1
-0.00176471348459273,0.0254823453618497,1
-0.00262247809126533,-0.011697747589345,1
-0.00340707699502203,-0.0507439532806432,1
-0.0040918641697979,-0.0674717198695745,1
-0.00465696741973083,-0.0546441653969232,1
-0.00509225860191026,-0.0414324454333568,1
-0.00538913064389516,-0.0145237607803942,1
-0.00553484114126643,-0.0241247872849891,1
-0.00552489661830441,-0.0554450016888003,1
-0.00535966022872243,-0.0634139635983979,1
-0.00504052703051955,-0.0426850652617252,1
-0.00457668194878133,-0.0324925967955836,1
-0.00398005728292379,-0.0212001812200235,1
-0.00326744087563136,-0.0519014866090563,1
-0.00245462012571414,-0.0334629072253307,1
-0.00156034552691577,-0.0301846087250931,1
-0.000607326655682032,-0.0242104895451215,1
0.000375758406859598,-0.00286422260625895,1
0.00137029808853431,-0.0225711518686521,1
0.00235683726465671,0.0184955477331492,1
0.00331343043441051,-0.0135160693386278,1
0.00421935207536074,0.00457880116180658,1
0.0050572498593721,0.0113738568414786,1
0.00580765253699197,0.00307582034366512,1
0.00645214199960529,0.0371995700796029,1
0.00697775020997245,0.0376577790420327,1
0.00737501229717698,0.00660348466816764,1
0.0076327591920963,0.014765702643081,1
0.00775182486709852,0.0466314351530509,1
0.00773798222435949,0.021158596650966,1
0.00759243013269386,0.00983129801783573,1
0.00731146074539143,0.0319696393288266,1
0.00689864859444538,0.0526979477077778,1
0.00636470853653472,0.0280054271361059,1
0.00572355803170137,0.0353913496028397,1
0.00498985421397237,-0.0243475946062117,1
0.00417571740601173,0.0485538453825119,1
0.00329841513088854,0.00428874449961109,1
0.002379800649816,-0.0692137042376335,1
0.00144030555117835,0.00974152522584739,1
0.000502923576283123,0.0205903954131001,1
-0.000403497546916889,-0.0230106772289775,1
-0.00126000784701801,0.0215319785479805,1
-0.00204803083082047,-0.0215793434364026,1
-0.00274928482705912,0.0344181982707739,1
-0.00334991610602311,-0.0488937638659566,1
-0.00383986749959716,-0.0230018794913801,1
-0.00421169666160917,-0.0346066439384376,1
-0.00445448013066483,0.000711632495618592,1
-0.0045601945281752,-0.0238610579408882,1
-0.00452854507661536,-0.0499485978543616,1
-0.00436591809174015,-0.0372213728329244,1
-0.00408068166615702,-0.0108690001396573,1
-0.00367972383442321,-0.0243430836720834,1
-0.00316752864592949,-0.0016265204269822,1
-0.00255261284659566,-0.0485112385607798,1
-0.00185454253980977,-0.0840000081320093,1
-0.00109592263212916,-0.0114932042726365,1
-0.000299028254571751,0.0051958320815788,1
0.000504060679875451,-0.0259324799409277,1
0.001284376993897,-0.0207644411443789,1
0.00202427406502153,-0.0170782836621226,1
0.00271335879269676,0.00166588807802951,1
0.00334083957129656,0.0167277245261123,1
0.00388771628455342,-0.0492755851252153,1
0.00433237695221817,0.0538963041930334,1
0.00465857468320465,0.0134014542876793,1
0.00485837561712494,0.0526511502993689,1
0.00492531394650312,0.0360513892090354,1
0.00485619258737394,0.0242070081173611,1
0.0046512014037304,0.0178707193883839,1
0.00431534690967214,0.0124735998645462,1
0.00386566061753139,-0.017256163047659,1
0.00331411322427674,0.0361070784979216,1
0.00266612809531121,0.00259643678956105,1
0.00193469363885745,0.00897878825586901,1
0.00113855180086439,0.0447682277038507,1
0.000292774759262539,-0.00671390169846258,1
-0.000582557253560055,0.0280840137541683,1
-0.00146133987742597,0.0225972821215858,1
-0.00232007656986149,-0.0210342267116248,1
-0.00313460195681756,-0.00262028760217902,1
-0.00388394123421781,-0.0468067584771051,1
-0.00455341365954492,-0.0446381286935069,1
-0.005131757658976,-0.0512216208614568,1
-0.00561035962043197,-0.0353453705283111,1
-0.00597110186924836,-0.00657918595587143,1
-0.00619696038259513,-0.0399007255043466,1
-0.00627966131487904,-0.0207659872533823,1
-0.00621473169480186,0.0164544515321307,1
-0.00600445826294853,-0.0102427978123376,1
-0.00565826364880515,-0.0134282938882173,1
-0.00519000732816603,-0.0263202160070779,1
-0.00461735830067917,-0.0319524714718809,1
-0.00396043375264623,-0.028496664245066,1
-0.00323626107008103,-0.0254009129061983,1
-0.00246112789428627,0.000220718052213024,1
-0.00164901170333086,-0.0168554864971233,1
-0.000820740547822585,0.018014276965853,1
2.23425954729321e-06,-0.0204027843695196,1
0.000802938277534661,0.0251515469002476,1
0.00156160535148036,0.0250127604998765,1
0.00225860417252196,-0.0123316622181363,1
0.00287687734512073,-0.0114373245594493,1
0.00340340918080437,0.00318883662986874,1
0.00382395829840656,0.0368912411469601,1
0.00412934458521968,0.0429810673340632,1
0.00430963124806906,0.00910197332593093,1
0.00435470022434511,0.072640463093269,1
0.00426705770213663,0.0400789593788165,1
0.00404420393686868,0.0391661176512667,1
0.00368465031734653,0.0257616097398531,1
0.00319682571865046,0.0587474833720081,1
0.00259456606496181,0.0414397724301449,1
0.00190000859023071,0.0218943981906827,1
0.00113399248662818,0.0268599578839636,1
0.00031322469575005,-0.00829373244507306,1
-0.000542879156385733,0.0292526783497032,1
-0.00141352565881819,0.012347998416259,1
-0.00227040867601911,0.038107152535076,1
-0.00309007925715927,0.0194303852741592,1
-0.00385873030980662,-0.0208666234406966,1
-0.0045585478403315,-0.0397742824589809,1
-0.00516735399663495,-0.0298690021618648,1
-0.00566826511368731,-0.0182477067403123,1
-0.00604689924534323,-0.0386016452290658,1
-0.00629694440146084,0.00879792802369533,1
-0.00642004198845104,0.0128666915881245,1
-0.00642037750040997,-0.0471017776638483,1
-0.00630600528007435,-0.0390987636663804,1
-0.00608509189745149,-0.00568126336231995,1
-0.00576048001829328,-0.0794203797536851,1
-0.00533860059514011,-0.0214228715369348,1
-0.00483404736574819,0.00717645982591661,1
-0.00426126323804731,-0.0246125886251975,1
-0.00362978370356367,-0.0347855463205005,1
-0.00294520455859783,-0.0161235027015785,1
-0.00221902613311678,0.0104197852487814,1
-0.00146067452959494,-0.000296301093710863,1
-0.000681124165230821,-0.03118229223951,1
0.000102792012264905,0.0236016220959641,1
0.000864465721023289,-0.0207795873971981,1
0.00158397235320552,0.0422841850164783,1
0.00224495907039434,0.0316604678377664,1
0.00282832761465848,0.0400207176536581,1
0.00331990589975775,0.0149736240146237,1
0.00370247929893886,0.030903141801376,1
0.00396189375295054,0.0282083416825632,1
0.00408746280587555,0.0188055276182304,1
0.00407450334815703,0.0883162228043194,1
0.0039283924600295,0.0195019760201072,1
0.0036561067113753,0.00800203702170531,1
0.00325978259977607,0.0307651780090336,1
0.00274461042991183,0.0307011554950933,1
0.002118816377271,0.045580223531413,1
0.00139158346361399,-0.013823314014688,1
0.000579822053396938,0.0220494590758141,1
-0.000292017134831813,0.0117818837127098,1
-0.00119437135932675,0.00898003535689026,1
-0.00209828267005945,-0.0252591664402734,1
-0.00298233095158373,0.0298484692089602,1
-0.00382537497598365,-0.0240579900170445,1
-0.00460231159731601,-0.0259974033113073,1
-0.00528995890343532,-0.042669061951012,1
-0.0058683129613032,-0.00125017469768124,1
-0.00632193289352856,-0.0305532590495168,1
-0.00663769382736036,-0.0698558602288952,1
-0.00680984977929193,0.0253997554793486,1
-0.0068302961462781,-0.0188040849056951,1
-0.006685834588921,-0.0528774418270579,1
-0.0063767210120048,-0.0294249101316049,1
-0.00591758565880615,-0.00505499531568769,1
-0.00532460659156858,-0.0321709704692461,1
-0.00461649739462733,-0.00988180040137447,1
-0.00381350273420243,-0.0386287579673345,1
-0.00294116786095106,-0.0428159199520624,1
